
.MAIN.  Commodore 6502ASM V072882    Page 1
   JUPITERLANDER.asm

Error Addr  Code          Seq   Source statement

.MAIN.  Commodore 6502ASM V072882    Page 2
   JUPITERLANDER.asm

Error Addr  Code          Seq   Source statement

                            3   ;*********************************
                            4   ; SET TUNE1 = 1 TO INCLUDE GAME START
                            5   ; TUNE OTHERWISE NOP
                            6   ;*********************************
            =0001           7   TUNE1 = 1
                            8   ;********************************
                            9   ;
                           10   ;        JUPITER LANDER
                           11   ;
                           12   ;        CARTRIDGE GAME
                           13   ; (C) 1982 BY COMMODORE MACHINES
                           14   ;
                           15   ;  DOCUMENTED BY DENTON MARLOWE
                           16   ;
                           17   ;********************************
                           18   ; ZERO PAGE
                           19   ;********************************
            =0002          20   CRAMPT = $02 ;POINTER
            =0023          21   SPX = $23
            =0025          22   SPY = $25
                           23   ;********************************
                           24   ; SPRITE POINTERS
                           25   ;********************************
            =07F8          26   SPRITE0 = $07F8
            =07F9          27   SPRITE1 = $07F9
            =07FA          28   SPRITE2 = $07FA
            =07FB          29   SPRITE3 = $07FB
            =07FC          30   SPRITE4 = $07FC
            =07FD          31   SPRITE5 = $07FD
            =07FE          32   SPRITE6 = $07FE
            =07FF          33   SPRITE7 = $07FF
                           34   ;********************************
                           35   ;
                           36   ;********************************
            =E000          37   *=$E000
                           38   ;********************************
                           39   ;
                           40   ;********************************
            =D000          41   SP0X   = $D000 ;SPRITE 0 HORIZONTAL
            =D001          42   SP0Y   = $D001 ;SPRITE 0 VERTICAL
                           43   
            =D002          44   SP1X   = $D002 ;SPRITE 1 HORIZONTAL
            =D003          45   SP1Y   = $D003 ;SPRITE 1 VERTICAL
                           46   
            =D004          47   SP2X   = $D004 ;SPRITE 2 HORIZONTAL
            =D005          48   SP2Y   = $D005 ;SPRITE 2 VERTICAL
                           49   
            =D006          50   SP3X   = $D006 ;SPRITE 3 HORIZONTAL
            =D007          51   SP3Y   = $D007 ;SPRITE 3 VERTICAL
                           52   
.MAIN.  Commodore 6502ASM V072882    Page 2-1
   JUPITERLANDER.asm

Error Addr  Code          Seq   Source statement

            =D008          53   SP4X   = $D008 ;SPRITE 4 HORIZONTAL
            =D009          54   SP4Y   = $D009 ;SPRITE 4 VERTICAL
                           55   
            =D00A          56   SP5X   = $D00A ;SPRITE 5 HORIZONTAL
            =D00B          57   SP5Y   = $D00B ;SPRITE 5 VERTICAL
                           58   
            =D00C          59   SP6X   = $D00C ;SPRITE 6 HORIZONTAL
            =D00D          60   SP6Y   = $D00D ;SPRITE 6 VERTICAL
                           61   
            =D00E          62   SP7X   = $D00E ;SPRITE 7 HORIZONTAL
            =D00F          63   SP7Y   = $D00F ;SPRITE 7 VERTICAL
                           64   
            =D010          65   MSIGX = $D010 ;SPRITES HORIZONAL BITS
                           66   
            =D011          67   SCROLY = $D011
            =D012          68   RA1TER = $D012
            =D013          69   LP1NX  = $D013
                           70   
            =D014          71   LPENY  = $D014
            =D015          72   SPENA  = $D015 ;SPRINT ENABLE REGISTER
                           73   
            =D016          74   SCROLX = $D016
            =D017          75   YXPAND = $D017 ;SPRITE EXPANSION
                           76   
            =D018          77   VMCSB  = $D018 ;VIC-II MEMORY CNTRL
            =D019          78   VICIRQ = $D019
                           79   
            =D01A          80   IRQMSK = $D01A
                           81   
            =D01B          82   SPBGPR = $D01B ;SPRITE PRIORITY REG
            =D01C          83   SPMC   = $D01C ;SPRITE MULTICOLOR REG
            =D01D          84   XXPAND = $D01D ;SPRITE HORIZONTAL REG
            =D01E          85   SPSPCL = $D01E ;SPRITE TO SPRTIE COLLISON REG
            =D01F          86   SPBGCL = $D01F ;SPRITE TO FOREGND COLLISON REG
                           87   
            =D020          88   EXTCOL = $D020 ;BORDER CLR
            =D021          89   BGCOL0 = $D021 ;BACKGROUND CLR
            =D022          90   BGCOL1 = $D022 ;
            =D023          91   BGCOL2 = $D023 ;
            =D024          92   BGCOL3 = $D024 ;
                           93   
            =D025          94   SPMC0  = $D025 ;SPRITE MUTICOLOR 0
            =D026          95   SPMC1  = $D026 ;SPRITE MUTICOLOR 1
                           96   
            =D027          97   SP0COL = $D027 ;SPRITE COLOR 0
            =D028          98   SP1COL = $D028 ;SPRITE COLOR 1
            =D029          99   SP2COL = $D029 ;SPRITE COLOR 2
            =D02A         100   SP3COL = $D02A ;SPRITE COLOR 3
            =D02B         101   SP4COL = $D02B ;SPRITE COLOR 4
            =D02C         102   SP5COL = $D02C ;SPRITE COLOR 5
.MAIN.  Commodore 6502ASM V072882    Page 2-2
   JUPITERLANDER.asm

Error Addr  Code          Seq   Source statement

            =D02D         103   SP6COL = $D02D ;SPRITE COLOR 6
            =D02E         104   SP7COL = $D02E ;SPRITE COLOR 7
                          105   
            =D400         106   SIDREG = $D400 ;SID REGISTERS
            =D400         107   FRELO1 = $D400 ;SID VOC 1
            =D401         108   FREHI1 = $D401 ;DIS VOC 1
            =D402         109   PWLO1  = $D402 ;PW VOC 1
            =D403         110   PWHI1  = $D403 ;PW VOC 1
            =D404         111   VCREG1 = $D404 ;VOC 1 REG
            =D405         112   ATDCY1 = $D405 ;ADR VOC 1
            =D406         113   SUREL1 = $D406 ;SR VOC 1
                          114   
            =D407         115   FRELO2 = $D407 ;SID VOC 2
            =D408         116   FREHI2 = $D408 ;DIS VOC 2
            =D409         117   PWLO2  = $D409 ;PW VOC 2
            =D40A         118   PWHI2  = $D40A ;PW VOC 2
            =D40B         119   VCREG2 = $D40B ;VOC 2 REG
            =D40C         120   ATDCY2 = $D40C ;ADR VOC 2
            =D40D         121   SUREL2 = $D40D ;SR VOC 2
                          122   
            =D40E         123   FRELO3 = $D40E ;SID VOC 3
            =D40F         124   FREHI3 = $D40F ;DIS VOC 3
            =D410         125   PWLO3  = $D410 ;PW VOC 3
            =D411         126   PWHI3  = $D411 ;PW VOC 3
            =D412         127   VCREG3 = $D412 ;VOC 3 REG
            =D413         128   ATDCY3 = $D413 ;ADR VOC 3
            =D414         129   SUREL3 = $D414 ;SR VOC 3
                          130   
            =D415         131   CUTLO  = $D415 ;CUT OFF FILTER
            =D416         132   CUTHI  = $D416 ;CUT OFF FILTER
                          133   
            =D417         134   RESON  = $D417 ;RESONANCE
            =D418         135   SIGVOL = $D418 ;VOLUME AND FILTER
                          136   
            =D419         137   POTX   = $D419 ;GAME PADDLE
            =D41A         138   POTY   = $D41A ;GAME PADDLE
                          139   
            =D41B         140   RANDOM = $D41B ;
            =D41C         141   ENV3   = $D41C ;
                          142   
            =D800         143   COLRAM = $D800 ;
                          144   
            =DC00         145   CIAPRA = $DC00 ;PORT A REG
            =DC01         146   CIAPRB = $DC01 ;PORT B REG
            =DC02         147   CIDDRA = $DC02 ;DATA A REG
            =DC03         148   CIDDRB = $DC03 ;DATA B REG
            =DC04         149   TIMALO = $DC04 ;TIMER A
            =DC05         150   TIMAHI = $DC05 ;TIMER A
            =DC06         151   TIMBLO = $DC06 ;TIMER B
            =DC07         152   TIMBHI = $DC07 ;TIMER B
.MAIN.  Commodore 6502ASM V072882    Page 2-3
   JUPITERLANDER.asm

Error Addr  Code          Seq   Source statement

                          153   
            =DC0D         154   CIAICR = $DC0D ;IRQ CNTRL REG
            =DC0E         155   CIACRA = $DC0E ;CNTRL REG A
            =DC0F         156   CIACRB = $DC0F ;CNTRL REG B
                          157   ;********************************
                          158   ; SPRITE DEFINITION
                          159   ;********************************
                          160   ;XXFC00 SPRITE  1 = LANDER
                          161   ;XXFC40 SPRITES 2 = EXPLOSION 1
                          162   ;XXFC80 SPRITES 3 = EXPLOSION 2
                          163   ;XXFCC0 SPRITES 4 = EXPLOSION 3
                          164   ;XXFD00 SPRITES 5 = EXPLOSION 4
                          165   ;XXFD40 SPRITES 6 = EXPLOSION 5
                          166   ;XXFD80 SPRITES 7 = EXPLOSION 6
                          167   ;XXFDC0 SPRITES 8 = EXPLOSION 7
                          168   ;XXFE00 SPRITE  9 = MAIN ENGINE 1
                          169   ;XXFE40 SPRITE 10 = MAIN ENGINE 2
                          170   ;XXFE80 SPRITE 11 = LEFT THRUSTER
                          171   ;XXFEC0 SPRITE 12 = RIGHT THRUSTER
                          172   ;********************************
                          173   ; HARDWARE VECTORS
                          174   ;********************************
                          175   ;NMIVEC = $FFFA
                          176   ;RESVEC = $FFFC
                          177   ;IRQVEC = $FFFE
                          178   ;********************************
                          179   ; SETUP INITIAL VALUES FOR VIC-II
                          180   ; REGISTERS $D011-$D02E
                          181   ;********************************
     E000   1B            182   XXE000 .BYTE $1B
     E001   00            183          .BYTE $00
     E002   00            184          .BYTE $00
     E003   00            185          .BYTE $00
     E004   00            186          .BYTE $00
     E005   08            187          .BYTE $08
     E006   00            188          .BYTE $00
     E007   1E            189          .BYTE $1E
     E008   FF            190          .BYTE $FF
     E009   00            191          .BYTE $00
     E00A   00            192          .BYTE $00
     E00B   00            193          .BYTE $00
     E00C   00            194          .BYTE $00
     E00D   00            195          .BYTE $00
     E00E   00            196          .BYTE $00
     E00F   00            197          .BYTE $00
     E010   00            198          .BYTE $00
     E011   02            199          .BYTE $02
     E012   06            200          .BYTE $06
     E013   00            201          .BYTE $00
     E014   00            202          .BYTE $00
.MAIN.  Commodore 6502ASM V072882    Page 2-4
   JUPITERLANDER.asm

Error Addr  Code          Seq   Source statement

     E015   00            203          .BYTE $00
     E016   00            204          .BYTE $00
     E017   03            205          .BYTE $03
     E018   02            206          .BYTE $02
     E019   08            207          .BYTE $08
     E01A   00            208          .BYTE $00
     E01B   00            209          .BYTE $00
     E01C   00            210          .BYTE $00
     E01D   00            211          .BYTE $00
                          212   ;********************************
                          213   ; SETUP INITIAL VALUES FOR VIC-II
                          214   ; REGISTERS $D400-$D418
                          215   ;********************************
     E01E   00            216   XXE01E .BYTE $00
     E01F   00            217          .BYTE $00
     E020   00            218          .BYTE $00
     E021   08            219          .BYTE $08
     E022   40            220          .BYTE $40
     E023   00            221          .BYTE $00
     E024   D0            222          .BYTE $D0
     E025   FF            223          .BYTE $FF
     E026   80            224          .BYTE $80
     E027   00            225          .BYTE $00
     E028   00            226          .BYTE $00
     E029   80            227          .BYTE $80
     E02A   80            228          .BYTE $80
     E02B   78            229          .BYTE $78
     E02C   00            230          .BYTE $00
     E02D   09            231          .BYTE $09
     E02E   00            232          .BYTE $00
     E02F   00            233          .BYTE $00
     E030   80            234          .BYTE $80
     E031   00            235          .BYTE $00
     E032   FB            236          .BYTE $FB
     E033   FF            237          .BYTE $FF
     E034   34            238          .BYTE $34
     E035   04            239          .BYTE $04
     E036   10            240          .BYTE $10
                          241   ;********************************
                          242   ; NMI/RESET ENTRY POINT
                          243   ;********************************
     E037   A2 FA         244   XXNMIV LDX #$FA
     E039   9A            245          TXS
     E03A   D8            246          CLD
     E03B   78            247          SEI
                          248   ;********************************
                          249   ; SETUP INITIAL VALUES FOR VIC-II
                          250   ; REGISTERS $D011-$D02E
                          251   ;********************************
     E03C   A2 1D         252          LDX #$1D
.MAIN.  Commodore 6502ASM V072882    Page 2-5
   JUPITERLANDER.asm

Error Addr  Code          Seq   Source statement

     E03E   BD E000       253   XXE03E LDA XXE000,X
     E041   9D D011       254          STA SCROLY,X
     E044   CA            255          DEX
     E045   10 F7         256          BPL XXE03E
                          257   ;********************************
                          258   ; SETUP INITIAL VALUES FOR SID
                          259   ; REGISTERS $D400-$D418
                          260   ;********************************
     E047   A2 18         261          LDX #$18
     E049   BD E01E       262   XXE049 LDA XXE01E,X
     E04C   9D D400       263          STA SIDREG,X
     E04F   CA            264          DEX
     E050   10 F7         265          BPL XXE049
                          266   ;********************************
                          267   ; SETUP INITIAL VALUES FOR CIA
                          268   ; REGISTERS
                          269   ;********************************
     E052   A9 7F         270          LDA #$7F   ;MASK BITS
     E054   8D DC0D       271          STA CIAICR ;DISBALE IRQ
     E057   A9 08         272          LDA #$08
     E059   8D DC0F       273          STA CIACRB
     E05C   A2 00         274          LDX #$00
     E05E   8E DC03       275          STX CIDDRB
     E061   CA            276          DEX
     E062   8E DC02       277          STX CIDDRA
     E065   A9 05         278          LDA #$05
     E067   85 01         279          STA $01
     E069   A9 2F         280          LDA #$2F      ;'/'
     E06B   85 00         281          STA $00
     E06D   A9 1B         282          LDA #$1B
     E06F   8D DC04       283          STA TIMALO
     E072   A9 41         284          LDA #$41      ;'A'
     E074   8D DC05       285          STA TIMAHI
     E077   A9 81         286          LDA #$81      ;ENABLE TIMER A
     E079   8D DC0D       287          STA CIAICR    ;SET IRA
     E07C   A9 11         288          LDA #$11      ;START TIMER 1
     E07E   8D DC0E       289          STA CIACRA    ;SET IRQ
                          290   ;
     E081   A9 00         291          LDA #$00
     E083   85 1A         292          STA $1A
     E085   85 1B         293          STA $1B
     E087   85 2B         294          STA $2B
                          295   ;
     E089   A9 14         296          LDA #$14      ;VERTICAL VELOCITY
     E08B   85 2E         297          STA $2E
     E08D   20 ED7C       298          JSR XXED7C
                          299   ;********************************
                          300   ; DISPLAY INSTRUCTION SCREEN
                          301   ;********************************
     E090   4C E7A0       302   XXE090 JMP XXE7A0
.MAIN.  Commodore 6502ASM V072882    Page 2-6
   JUPITERLANDER.asm

Error Addr  Code          Seq   Source statement

                          303   ;********************************
                          304   ; RETURN FROM LOOP WAITING ON
                          305   ; PRESS <F1> TO START
                          306   ;********************************
     E093   78            307   XXE093 SEI
     E094   A9 00         308          LDA #$00
     E096   85 22         309          STA $22
     E098   A9 00         310          LDA #$00
     E09A   8D D404       311          STA VCREG1
     E09D   8D D40B       312          STA VCREG2
     E0A0   8D D412       313          STA VCREG3
                          314   	;
     E0A3   A9 1F         315          LDA #$1F
     E0A5   8D D418       316          STA SIGVOL
                          317   	;
     E0A8   20 ED7C       318          JSR XXED7C
     E0AB   A9 00         319          LDA #$00
     E0AD   8D D021       320          STA BGCOL0
     E0B0   8D D020       321          STA EXTCOL
     E0B3   A9 00         322          LDA #$00
     E0B5   85 2B         323          STA $2B
     E0B7   A9 FF         324          LDA #$FF
     E0B9   85 12         325          STA $12
     E0BB   85 13         326          STA $13    ;FUEL QTY FULL
     E0BD   A9 00         327          LDA #$00
     E0BF   85 15         328          STA $15
     E0C1   85 18         329          STA $18
     E0C3   85 19         330          STA $19
     E0C5   85 21         331          STA $21    ;FUEL STATUS 0=HAVE FUEL
                          332   ;
     E0C7   20 EE5A       333          JSR XXEE5A ;SET DISPLAY SCORE 0
     E0CA   A9 01         334          LDA #$01
     E0CC   85 20         335          STA $20
     E0CE   A6 15         336   XXE0CE LDX $15
     E0D0   E0 10         337          CPX #$10
     E0D2   F0 01         338          BEQ XXE0D5
     E0D4   E8            339          INX
     E0D5   86 15         340   XXE0D5 STX $15
                          341   ;********************************
                          342   ; RUN SIMULATED GAME CYCLE`
                          343   ;********************************
     E0D7   BD E0DD       344          LDA ZZE0DE-1,X
     E0DA   85 14         345          STA $14        ;VERTICAL VELOCITY
     E0DC   D0 10         346          BNE XXE0EE
                          347   ;********************************
                          348   ; SEED FOR INITIAL CONDITIONS OF
                          349   ; LANDER VERTICAL VELOCITY
                          350   ;********************************
     E0DE   04            351   ZZE0DE .BYTE $04 ;$04
     E0DF   05            352          .BYTE $05 ;$05
.MAIN.  Commodore 6502ASM V072882    Page 2-7
   JUPITERLANDER.asm

Error Addr  Code          Seq   Source statement

     E0E0   04            353          .BYTE $04 ;$04
     E0E1   05            354          .BYTE $05 ;$05
     E0E2   06            355          .BYTE $06 ;$06
     E0E3   05            356          .BYTE $05 ;$05
     E0E4   06            357          .BYTE $06 ;$06
     E0E5   06            358          .BYTE $06 ;$06
     E0E6   06            359          .BYTE $06 ;$06
     E0E7   07            360          .BYTE $07 ;$07
     E0E8   08            361          .BYTE $08 ;$08
     E0E9   07            362          .BYTE $07 ;$07
     E0EA   07            363          .BYTE $07
     E0EB   08            364          .BYTE $08
     E0EC   09            365          .BYTE $09
     E0ED   09            366          .BYTE $09
                          367   ;********************************
                          368   ; ENTRY POINT FOR START GAME CYCLE
                          369   ;********************************
     E0EE   A9 FF         370   XXE0EE LDA #$FF
     E0F0   85 1C         371          STA $1C
     E0F2   A9 50         372          LDA #$50      ;'P'
     E0F4   A2 00         373          LDX #$00
     E0F6   86 08         374          STX $08
     E0F8   85 09         375          STA $09
     E0FA   86 0A         376          STX $0A
     E0FC   A9 6A         377          LDA #$6A
     E0FE   86 0D         378          STX $0D
     E100   85 0E         379          STA $0E;
     E102   86 0F         380          STX $0F
     E104   A9 00         381          LDA #$00
     E106   85 10         382          STA    $10
     E108   85 11         383          STA $11
     E10A   85 0C         384          STA $0C
     E10C   A9 FF         385          LDA #$FF
     E10E   85 0B         386          STA $0B
     E110   20 EBD6       387          JSR XXEBD6 ;DRAW FUEL GAUGE
     E113   A9 00         388          LDA #$00
     E115   85 16         389          STA $16    ;ZERO FIRE BUTTON OR F1
     E117   85 17         390          STA $17    ;ZERO KEY A OR D
     E119   A9 03         391          LDA #$03
     E11B   8D D028       392          STA SP1COL
     E11E   20 E173       393          JSR XXE173
     E121   A2 03         394          LDX #$03
     E123   20 EE3E       395          JSR DELAY1
     E126   AD D01F       396          LDA $D01F
                          397   ;********************************
                          398   ; PLAY TUNE 1 START OF PLAY
                          399   ;********************************
            =0001         400    .IFN TUNE1 <
     E129   20 E29A       401          JSR XXE29A
                          402    .ELSE
.MAIN.  Commodore 6502ASM V072882    Page 2-8
   JUPITERLANDER.asm

Error Addr  Code          Seq   Source statement

                          403   	   NOP
                          404   	   NOP
                          405   	   NOP
                          406    .ENDIF
                          407   ;********************************
                          408   ;
                          409   ;********************************
     E12C   A5 25         410   XXE12C LDA $25
     E12E   C9 32         411          CMP #$32      ;'2'
     E130   B0 12         412          BCS XXE144
     E132   A5 24         413          LDA $24
     E134   F0 08         414          BEQ XXE13E
                          415   ;
     E136   A5 23         416          LDA SPX       ;WHERE ARE WE
     E138   C9 18         417          CMP #$18      ;IF HERE
     E13A   B0 08         418          BCS XXE144    ;MAKE A DECISION
     E13C   90 10         419          BCC XXE14E
                          420   ;
     E13E   A5 23         421   XXE13E LDA SPX
     E140   C9 18         422          CMP #$18
     E142   B0 0A         423          BCS XXE14E
                          424   ;
     E144   AD D01F       425   XXE144 LDA $D01F    ;SPBGCL COLLISON REG
     E147   29 02         426          AND #$02     ;DID SPRITE 2 COLLIDE
     E149   F0 03         427          BEQ XXE14E   ;MAKE A DECISION
     E14B   4C E44B       428          JMP XXE44B
                          429   ;********************************
     E14E   20 E173       430   XXE14E JSR XXE173
     E151   A5 1E         431          LDA $1E
     E153   F0 03         432          BEQ XXE158
     E155   4C E55C       433          JMP XXE55C
                          434   ;********************************
     E158   20 E2C8       435   XXE158 JSR XXE2C8
     E15B   20 EBD6       436          JSR XXEBD6    ;DRAW FUEL GAUGE
     E15E   A5 0F         437          LDA $0F
     E160   D0 09         438          BNE XXE16B
     E162   A5 0E         439          LDA $0E
     E164   C9 3A         440          CMP #$3A      ;':'
     E166   B0 03         441          BCS XXE16B
     E168   4C E50C       442          JMP XXE50C
                          443   ;********************************
     E16B   A2 03         444   XXE16B LDX #$03
     E16D   20 EE3E       445          JSR DELAY1
     E170   4C E12C       446          JMP XXE12C
                          447   ;********************************
     E173   20 E1C4       448   XXE173 JSR XXE1C4
     E176   C4 1C         449          CPY $1C
     E178   F0 0E         450          BEQ XXE188
     E17A   84 1C         451          STY $1C
                          452   ; DISABLE ALL SRPITES
.MAIN.  Commodore 6502ASM V072882    Page 2-9
   JUPITERLANDER.asm

Error Addr  Code          Seq   Source statement

     E17C   A9 00         453          LDA #$00
     E17E   8D D015       454          STA SPENA
                          455   ;
     E181   20 EC72       456          JSR XXEC72
     E184   A9 00         457          LDA #$00
     E186   85 21         458          STA $21 ;FUEL STATUS
     E188   A6 1C         459   XXE188 LDX $1C
     E18A   D0 15         460          BNE XXE1A1
     E18C   A5 0A         461          LDA $0A
     E18E   4A            462          LSR A
     E18F   85 24         463          STA $24
     E191   A5 09         464          LDA $09
     E193   6A            465          ROR A
     E194   85 23         466          STA SPX
     E196   A5 0F         467          LDA $0F
     E198   4A            468          LSR A
     E199   A5 0E         469          LDA $0E
     E19B   6A            470          ROR A
     E19C   85 25         471          STA $25
     E19E   4C E38D       472          JMP XXE38D
                          473   ;********************************
     E1A1   A5 09         474   XXE1A1 LDA $09
     E1A3   38            475          SEC
                          476          ;SBC XXE1BA,X
     E1A4   FD E1BA       477          SBC ZZE1BB-1,X
     E1A7   85 23         478          STA SPX
     E1A9   A5 0A         479          LDA $0A
     E1AB   FD E1BD       480          SBC XXE1BD,X
     E1AE   85 24         481          STA $24
     E1B0   A5 0E         482          LDA $0E
     E1B2   38            483          SEC
     E1B3   FD E1C0       484          SBC XXE1C0,X
     E1B6   85 25         485          STA $25
                          486   ;********************************
                          487   ; ANIMATE LANDER SPRITES
                          488   ; ON INSTRUCTION SCREEN
                          489   ; AND MAYBE GAME PLAY
                          490   ;********************************
     E1B8   4C E3A1       491          JMP XXE3A1
                          492   ;********************************
                          493   ;
                          494   ;********************************
     E1BB   38            495   ZZE1BB .BYTE $38
     E1BC   E8            496          .BYTE $E8
     E1BD   48            497   XXE1BD .BYTE $48
     E1BE   00            498          .BYTE $00
     E1BF   00            499          .BYTE $00
     E1C0   01            500   XXE1C0 .BYTE $01
     E1C1   E2            501          .BYTE $E2
     E1C2   42            502          .BYTE $42
.MAIN.  Commodore 6502ASM V072882    Page 2-10
   JUPITERLANDER.asm

Error Addr  Code          Seq   Source statement

     E1C3   E2            503          .BYTE $E2
                          504   ;********************************
     E1C4   A5 0E         505   XXE1C4 LDA $0E
     E1C6   C9 14         506          CMP #$14   ;VERTICAL VELOCITY
     E1C8   A5 0F         507          LDA $0F
     E1CA   E9 01         508          SBC #$01
     E1CC   90 0D         509          BCC XXE1DB
     E1CE   A5 09         510          LDA $09
     E1D0   C9 40         511          CMP #$40      ;'@'
     E1D2   A5 0A         512          LDA $0A
     E1D4   E9 01         513          SBC #$01
     E1D6   B0 03         514          BCS XXE1DB
     E1D8   A0 01         515          LDY #$01
     E1DA   60            516          RTS
                          517   ;********************************
     E1DB   A5 09         518   XXE1DB LDA $09
     E1DD   C9 10         519          CMP #$10
     E1DF   A5 0A         520          LDA $0A
     E1E1   E9 01         521          SBC #$01
     E1E3   90 17         522          BCC XXE1FC
     E1E5   A5 09         523          LDA $09
     E1E7   C9 D8         524          CMP #$D8
     E1E9   A5 0A         525          LDA $0A
     E1EB   E9 01         526          SBC #$01
     E1ED   B0 0D         527          BCS XXE1FC
     E1EF   A5 0E         528          LDA $0E
     E1F1   C9 74         529          CMP #$74
     E1F3   A5 0F         530          LDA $0F
     E1F5   E9 00         531          SBC #$00
     E1F7   90 03         532          BCC XXE1FC
     E1F9   A0 02         533          LDY #$02
     E1FB   60            534          RTS
                          535   ;********************************
     E1FC   A5 09         536   XXE1FC LDA $09
     E1FE   C9 40         537          CMP #$40      ;'@'
     E200   A5 0A         538          LDA $0A
     E202   E9 01         539          SBC #$01
     E204   90 0D         540          BCC XXE213
     E206   A5 0E         541          LDA $0E
     E208   C9 14         542          CMP #$14  ;VERTICAL VELOCITY
     E20A   A5 0F         543          LDA $0F
     E20C   E9 01         544          SBC #$01
     E20E   90 03         545          BCC XXE213
     E210   A0 03         546          LDY #$03
     E212   60            547          RTS
                          548   ;********************************
     E213   A0 00         549   XXE213 LDY #$00
     E215   60            550          RTS
                          551   ;********************************
                          552   ; XXE216 TUNE 1 START OF PLAY
.MAIN.  Commodore 6502ASM V072882    Page 2-11
   JUPITERLANDER.asm

Error Addr  Code          Seq   Source statement

                          553   ;********************************
     E216                 554   XXE216
                          555   ; SID DATA FOR TUNE 1 START OF PLAY
                          556    .LIB sidmus1.asm
                          557   ;********************************
                          558   ; XXE216 SID DATA TUNE 1
                          559   ; START OF PLAY
                          560   ;********************************
     E216   07            561          .BYTE $07 ;$07
     E217   3F            562          .BYTE $3F ;$3F
     E218   13            563          .BYTE $13 ;$13
     E219   07            564          .BYTE $07 ;$07
     E21A   D6            565          .BYTE $D6
     E21B   1C            566          .BYTE $1C
     E21C   07            567          .BYTE $07
     E21D   00            568          .BYTE $00
     E21E   00            569          .BYTE $00
     E21F   07            570          .BYTE $07
     E220   D6            571          .BYTE $D6
     E221   1C            572          .BYTE $1C
     E222   62            573          .BYTE $62
     E223   7E            574          .BYTE $7E
     E224   26            575          .BYTE $26
     E225   07            576          .BYTE $07
     E226   C6            577          .BYTE $C6
     E227   2D            578          .BYTE $2D
     E228   07            579          .BYTE $07
     E229   7E            580          .BYTE $7E
     E22A   26            581          .BYTE $26
     E22B   07            582          .BYTE $07
     E22C   C6            583          .BYTE $C6
     E22D   2D            584          .BYTE $2D
     E22E   69            585          .BYTE $69
     E22F   AC            586          .BYTE $AC
     E230   39            587          .BYTE $39
     E231   0E            588          .BYTE $0E
     E232   00            589          .BYTE $00
     E233   00            590          .BYTE $00
     E234   07            591          .BYTE $07
     E235   3F            592          .BYTE $3F
     E236   13            593          .BYTE $13
     E237   07            594          .BYTE $07
     E238   D6            595          .BYTE $D6
     E239   1C            596          .BYTE $1C
     E23A   07            597          .BYTE $07
     E23B   00            598          .BYTE $00
     E23C   00            599          .BYTE $00
     E23D   07            600          .BYTE $07
     E23E   D6            601          .BYTE $D6
     E23F   1C            602          .BYTE $1C
.MAIN.  Commodore 6502ASM V072882    Page 2-12
   SIDMUS1.ASM

Error Addr  Code          Seq   Source statement

     E240   62            603          .BYTE $62
     E241   7E            604          .BYTE $7E
     E242   26            605          .BYTE $26
     E243   07            606          .BYTE $07
     E244   C6            607          .BYTE $C6
     E245   2D            608          .BYTE $2D
     E246   07            609          .BYTE $07
     E247   7E            610          .BYTE $7E
     E248   26            611          .BYTE $26
     E249   07            612          .BYTE $07
     E24A   C6            613          .BYTE $C6
     E24B   2D            614          .BYTE $2D
     E24C   69            615          .BYTE $69
     E24D   AC            616          .BYTE $AC
     E24E   39            617          .BYTE $39
     E24F   0E            618          .BYTE $0E
     E250   00            619          .BYTE $00
     E251   00            620          .BYTE $00
     E252   07            621          .BYTE $07
     E253   FC            622          .BYTE $FC
     E254   4C            623          .BYTE $4C
     E255   2A            624          .BYTE $2A
     E256   00            625          .BYTE $00
     E257   00            626          .BYTE $00
     E258   07            627          .BYTE $07
     E259   FC            628          .BYTE $FC
     E25A   4C            629          .BYTE $4C
     E25B   23            630          .BYTE $23
     E25C   00            631          .BYTE $00
     E25D   00            632          .BYTE $00
     E25E   07            633          .BYTE $07
     E25F   FC            634          .BYTE $FC
     E260   4C            635          .BYTE $4C
     E261   1C            636          .BYTE $1C
     E262   00            637          .BYTE $00
     E263   00            638          .BYTE $00
     E264   07            639          .BYTE $07
     E265   FC            640          .BYTE $FC
     E266   4C            641          .BYTE $4C
     E267   15            642          .BYTE $15
     E268   00            643          .BYTE $00
     E269   00            644          .BYTE $00
     E26A   07            645          .BYTE $07
     E26B   FC            646          .BYTE $FC
     E26C   4C            647          .BYTE $4C
     E26D   0E            648          .BYTE $0E
     E26E   00            649          .BYTE $00
     E26F   00            650          .BYTE $00
     E270   07            651          .BYTE $07
     E271   FC            652          .BYTE $FC
.MAIN.  Commodore 6502ASM V072882    Page 2-13
   SIDMUS1.ASM

Error Addr  Code          Seq   Source statement

     E272   4C            653          .BYTE $4C
     E273   07            654          .BYTE $07
     E274   00            655          .BYTE $00
     E275   00            656          .BYTE $00
     E276   07            657          .BYTE $07
     E277   FC            658          .BYTE $FC
     E278   4C            659          .BYTE $4C
     E279   07            660          .BYTE $07
     E27A   00            661          .BYTE $00
     E27B   00            662          .BYTE $00
     E27C   07            663          .BYTE $07
     E27D   FC            664          .BYTE $FC
     E27E   4C            665          .BYTE $4C
     E27F   07            666          .BYTE $07
     E280   00            667          .BYTE $00
     E281   00            668          .BYTE $00
     E282   07            669          .BYTE $07
     E283   FC            670          .BYTE $FC
     E284   4C            671          .BYTE $4C
     E285   07            672          .BYTE $07
     E286   00            673          .BYTE $00
     E287   00            674          .BYTE $00
     E288   07            675          .BYTE $07
     E289   FC            676          .BYTE $FC
     E28A   4C            677          .BYTE $4C
     E28B   07            678          .BYTE $07
     E28C   00            679          .BYTE $00
     E28D   00            680          .BYTE $00
     E28E   07            681          .BYTE $07
     E28F   FC            682          .BYTE $FC
     E290   4C            683          .BYTE $4C
     E291   07            684          .BYTE $07
     E292   00            685          .BYTE $00
     E293   00            686          .BYTE $00
     E294   07            687          .BYTE $07
     E295   FC            688          .BYTE $FC
     E296   4C            689          .BYTE $4C
     E297   07            690          .BYTE $07
     E298   00            691          .BYTE $00
     E299   00            692          .BYTE $00
                          693   ;********************************
                          694   ; SID DATA TUNE 1 FOR START OF PLAY
                          695   ;********************************
                          696   ; PLAY TUNE 1 START OF PLAY
                          697   ;********************************
     E29A   A5 20         698   XXE29A LDA $20
     E29C   F0 29         699          BEQ XXE2C7
     E29E   A9 41         700          LDA #$41      ;'A'
     E2A0   8D D404       701          STA VCREG1
     E2A3   A0 00         702          LDY #$00
.MAIN.  Commodore 6502ASM V072882    Page 2-14
   JUPITERLANDER.asm

Error Addr  Code          Seq   Source statement

     E2A5   BE E216       703   XXE2A5 LDX XXE216,Y
     E2A8   C8            704          INY
     E2A9   B9 E216       705          LDA XXE216,Y
     E2AC   8D D400       706          STA SIDREG
     E2AF   C8            707          INY
     E2B0   B9 E216       708          LDA XXE216,Y
     E2B3   8D D401       709          STA FREHI1
     E2B6   20 EE3E       710          JSR DELAY1
     E2B9   C8            711          INY
     E2BA   C0 84         712          CPY #$84
     E2BC   D0 E7         713          BNE XXE2A5
     E2BE   A9 00         714          LDA #$00
     E2C0   85 20         715          STA $20
     E2C2   A9 40         716          LDA #$40      ;'@'
     E2C4   8D D404       717          STA VCREG1
     E2C7   60            718   XXE2C7 RTS
                          719   ;********************************
                          720   ;
                          721   ;********************************
     E2C8   20 EB6F       722   XXE2C8 JSR XXEB6F ;CHECK FOR KEY OR STICK
     E2CB   A5 13         723   XXE2CB LDA $13    ;FUEL QTY
     E2CD   D0 04         724          BNE XXE2D3
     E2CF   85 17         725          STA $17
     E2D1   85 16         726          STA $16
     E2D3   A0 80         727   XXE2D3 LDY #$80      ;#$80 1000 0000 NOISE RELEASE
     E2D5   A5 17         728          LDA $17
     E2D7   F0 25         729          BEQ XXE2FE
     E2D9   A0 81         730          LDY #$81
     E2DB   C9 02         731          CMP #$02
     E2DD   A9 06         732          LDA #$06
     E2DF   A2 00         733          LDX #$00
     E2E1   90 04         734          BCC XXE2E7
     E2E3   A9 FA         735          LDA #$FA
     E2E5   A2 FF         736          LDX #$FF
     E2E7   18            737   XXE2E7 CLC
     E2E8   65 0B         738          ADC $0B
     E2EA   85 0B         739          STA $0B
     E2EC   8A            740          TXA
     E2ED   65 0C         741          ADC $0C
     E2EF   85 0C         742          STA $0C
     E2F1   A5 12         743          LDA $12
     E2F3   38            744          SEC
     E2F4   E9 1E         745          SBC #$1E
     E2F6   85 12         746          STA $12
     E2F8   A5 13         747          LDA $13 ;FUEL QTY
     E2FA   E9 00         748          SBC #$00
     E2FC   85 13         749          STA $13 ;FUEL QTY
     E2FE   8C D40B       750   XXE2FE STY $D40B ;VCREG2
     E301   A5 0B         751          LDA $0B
     E303   18            752          CLC
.MAIN.  Commodore 6502ASM V072882    Page 2-15
   JUPITERLANDER.asm

Error Addr  Code          Seq   Source statement

     E304   65 08         753          ADC $08
     E306   85 08         754          STA $08
     E308   A5 0C         755          LDA $0C
     E30A   65 09         756          ADC $09
     E30C   85 09         757          STA $09
     E30E   08            758          PHP
     E30F   A5 0C         759          LDA $0C
     E311   0A            760          ASL A
     E312   A9 FF         761          LDA #$FF
     E314   B0 02         762          BCS XXE318
     E316   A9 00         763          LDA #$00
     E318   28            764   XXE318 PLP
     E319   65 0A         765          ADC $0A
     E31B   85 0A         766          STA $0A
     E31D   A5 16         767          LDA $16
     E31F   D0 07         768          BNE XXE328
                          769   ;
     E321   A9 80         770          LDA #$80    ;#$80 1000 0000 NOISE RELEASE
     E323   8D D412       771          STA VCREG3
                          772   ;
     E326   D0 3B         773          BNE XXE363
     E328   A9 0C         774   XXE328 LDA #$0C
     E32A   48            775          PHA
     E32B   0A            776          ASL A
     E32C   0A            777          ASL A
     E32D   0A            778          ASL A
     E32E   69 0F         779          ADC #$0F
     E330   85 27         780          STA $27
     E332   A5 12         781          LDA $12
     E334   38            782          SEC
     E335   E5 27         783          SBC $27
     E337   85 12         784          STA $12
     E339   A5 13         785          LDA $13 ;FUEL QTY
     E33B   E9 00         786          SBC #$00
     E33D   85 13         787          STA $13 ;FUEL QTY
     E33F   68            788          PLA
     E340   85 27         789          STA $27
     E342   A5 10         790          LDA $10
     E344   38            791          SEC
     E345   E5 27         792          SBC $27
     E347   85 10         793          STA $10
     E349   A5 11         794          LDA $11
     E34B   E9 00         795          SBC #$00
     E34D   85 11         796          STA $11
                          797   ;
     E34F   A9 E6         798          LDA #$E6
     E351   8D D414       799          STA SUREL3
                          800   ;
     E354   A9 28         801          LDA #$28      ;'('
     E356   8D D416       802          STA CUTHI
.MAIN.  Commodore 6502ASM V072882    Page 2-16
   JUPITERLANDER.asm

Error Addr  Code          Seq   Source statement

                          803   ;
     E359   A9 00         804          LDA #$00
     E35B   8D D417       805          STA RESON
                          806   ;
     E35E   A9 81         807          LDA #$81      ;#$81 VALUE FOR VCREG3
                          808   	                 ;1000 0001 NOISE ATTACK
     E360   20 F254       809          JSR XXF254    ;SET SOUND FOR MAIN ENGINE (F1)
                          810   ;
     E363   A5 10         811   XXE363 LDA $10
     E365   18            812          CLC
     E366   65 14         813          ADC $14       ;VERTICAL VELOCITY
     E368   85 10         814          STA $10
     E36A   A5 11         815          LDA $11
     E36C   69 00         816          ADC #$00
     E36E   85 11         817          STA $11
     E370   A5 10         818          LDA $10
     E372   18            819          CLC
     E373   65 0D         820          ADC $0D
     E375   85 0D         821          STA $0D
     E377   A5 11         822          LDA $11
     E379   65 0E         823          ADC $0E
     E37B   85 0E         824          STA $0E
     E37D   08            825          PHP
     E37E   A5 11         826          LDA $11
     E380   0A            827          ASL A
     E381   A9 FF         828          LDA #$FF
     E383   B0 02         829          BCS XXE387
     E385   A9 00         830          LDA #$00
     E387   28            831   XXE387 PLP
     E388   65 0F         832          ADC $0F
     E38A   85 0F         833          STA $0F
     E38C   60            834          RTS
                          835   ;********************************
                          836   ;
                          837   ;********************************
     E38D   A9 00         838   XXE38D LDA #$00
     E38F   85 1E         839          STA $1E
                          840   ; DISABLE ALL SRPITES
     E391   A9 00         841          LDA #$00
     E393   8D D015       842          STA SPENA
                          843   ;
     E396   A9 00         844          LDA #$00
     E398   8D D01D       845          STA XXPAND
     E39B   8D D017       846          STA YXPAND
                          847   ;
                          848   ; SET LANDER SPRITES FOR GAME PLAY
                          849   ;
     E39E   4C E3F9       850          JMP XXE3F9
                          851   ;********************************
                          852   ; ANIMATE LANDER SPRITES
.MAIN.  Commodore 6502ASM V072882    Page 2-17
   JUPITERLANDER.asm

Error Addr  Code          Seq   Source statement

                          853   ; ON INSTRUCTION SCREEN
                          854   ;********************************
     E3A1   A9 00         855   XXE3A1 LDA #$00
     E3A3   85 1E         856          STA $1E
                          857   ; DISABLE ALL SRPITES
     E3A5   A9 00         858          LDA #$00
     E3A7   8D D015       859          STA SPENA
                          860   ; EXPAND SPRITES 0,1,2,3 (1,2,3)
     E3AA   A9 0E         861          LDA #$0E    ;0000 1110
     E3AC   8D D01D       862          STA XXPAND
     E3AF   8D D017       863          STA YXPAND
                          864   ;
     E3B2   20 E3F9       865          JSR XXE3F9
     E3B5   A2 02         866          LDX #$02
     E3B7   A5 0E         867   XXE3B7 LDA $0E
     E3B9   DD E3E7       868          CMP XXE3E7,X
     E3BC   D0 25         869          BNE XXE3E3
     E3BE   A5 0F         870          LDA $0F
     E3C0   DD E3EA       871          CMP XXE3EA,X
     E3C3   D0 1E         872          BNE XXE3E3
     E3C5   A5 09         873          LDA $09
     E3C7   DD E3ED       874          CMP XXE3ED,X
     E3CA   A5 0A         875          LDA $0A
     E3CC   FD E3F0       876          SBC XXE3F0,X
     E3CF   90 12         877          BCC XXE3E3
     E3D1   A5 09         878          LDA $09
     E3D3   DD E3F3       879          CMP XXE3F3,X
     E3D6   A5 0A         880          LDA $0A
     E3D8   FD E3F6       881          SBC XXE3F6,X
     E3DB   B0 06         882          BCS XXE3E3
     E3DD   A9 01         883          LDA #$01
     E3DF   85 1E         884          STA $1E
     E3E1   D0 03         885          BNE XXE3E6
     E3E3   CA            886   XXE3E3 DEX
     E3E4   10 D1         887          BPL XXE3B7
     E3E6   60            888   XXE3E6 RTS
                          889   ;********************************
                          890   ;
                          891   ;********************************
     E3E7   6A            892   XXE3E7 .BYTE $6A
     E3E8   9A            893          .BYTE $9A
     E3E9   7A            894          .BYTE $7A
                          895   ;
     E3EA   01            896   XXE3EA .BYTE $01
     E3EB   00            897          .BYTE $00
     E3EC   01            898          .BYTE $01
                          899   ;
     E3ED   B0            900   XXE3ED .BYTE $B0
     E3EE   60            901          .BYTE $60
     E3EF   E0            902          .BYTE $E0
.MAIN.  Commodore 6502ASM V072882    Page 2-18
   JUPITERLANDER.asm

Error Addr  Code          Seq   Source statement

                          903   ;
     E3F0   00            904   XXE3F0 .BYTE $00
     E3F1   01            905          .BYTE $01
     E3F2   01            906          .BYTE $01
                          907   ;
     E3F3   E0            908   XXE3F3 .BYTE $E0
     E3F4   90            909          .BYTE $90
     E3F5   00            910          .BYTE $00
                          911   ;
     E3F6   00            912   XXE3F6 .BYTE $00
     E3F7   01            913          .BYTE $01
     E3F8   02            914          .BYTE $02
                          915   ;********************************
                          916   ; SET LANDER SPRITES FOR INSTRUCTION
                          917   ; SCREEN AND POSSIBLY GAME PLAY
                          918   ;********************************
     E3F9   A5 2B         919   XXE3F9 LDA $2B
     E3FB   49 01         920          EOR #$01
     E3FD   85 2B         921          STA $2B
                          922   ;
                          923   ; SET SPRITE 1,2,3 POSITIONS
                          924   ;
     E3FF   A5 23         925          LDA SPX
     E401   8D D002       926          STA SP1X
     E404   8D D004       927          STA SP2X
     E407   8D D006       928          STA SP3X
                          929   ;
                          930   ; SET SPRITE 1,2,3 POSITIONS
                          931   ;
     E40A   A5 25         932          LDA $25
     E40C   8D D003       933          STA SP1Y
     E40F   8D D005       934          STA SP2Y
     E412   8D D007       935          STA SP3Y
                          936   ;
     E415   A2 00         937          LDX #$00
     E417   A5 24         938          LDA $24
     E419   F0 01         939          BEQ XXE41C
     E41B   CA            940          DEX
     E41C   8E D010       941   XXE41C STX $D010   ;MSIGX
     E41F   20 EE90       942          JSR XXEE90  ;CHECK FUEL STATUS
     E422   A2 01         943          LDX #$01
     E424   A5 17         944          LDA $17
     E426   F0 0A         945          BEQ XXE432
     E428   E8            946          INX
     E429   E8            947          INX
     E42A   E8            948          INX
     E42B   E8            949          INX
     E42C   18            950          CLC
     E42D   69 F9         951          ADC #$F9      ;#>$07F9 SPRITE 1
     E42F   8D 07FB       952          STA SPRITE3
.MAIN.  Commodore 6502ASM V072882    Page 2-19
   JUPITERLANDER.asm

Error Addr  Code          Seq   Source statement

     E432   A5 16         953   XXE432 LDA $16
     E434   F0 0A         954          BEQ XXE440
     E436   E8            955          INX
     E437   E8            956          INX
     E438   18            957          CLC
     E439   A9 F8         958          LDA #$F8      ;#>$07F8 SPRITE 0
     E43B   65 2B         959          ADC $2B
     E43D   8D 07FA       960          STA SPRITE2
     E440   A9 F0         961   XXE440 LDA #$F0
     E442   8D 07F9       962          STA SPRITE1
     E445   8A            963          TXA
     E446   0A            964          ASL A
     E447   8D D015       965          STA $D015     ;SPRITE`ENABLE
     E44A   60            966          RTS
                          967   ;********************************
                          968   ;
                          969   ;********************************
     E44B   A9 00         970   XXE44B LDA #$00
     E44D   8D D404       971          STA $D404    ;VCREG1
     E450   8D D40B       972          STA $D40B    ;VCREG2
     E453   8D D412       973          STA $D412    ;VCREG3
                          974   ;
     E456   A9 FB         975          LDA #$FB
     E458   8D D414       976          STA $D414    ;SUREL3
                          977   ;
     E45B   A9 34         978          LDA #$34     ;'4'
     E45D   8D D416       979          STA $D416    ;CUTHI
                          980   ;
     E460   A9 00         981          LDA #$00
     E462   8D D417       982          STA $D417    ;RESON
                          983   ;
     E465   A9 02         984          LDA #$02
     E467   8D D015       985          STA $D015    ;CUTLO
                          986   ;
     E46A   A9 81         987          LDA #$81      ;#$81 VALUE FOR VCREG3
                          988   	                 ;1000 0001 NOISE ATTACK
                          989   					 ;#$11 WILL SILENCE EXPLOSION
                          990   
     E46C   20 F25D       991          JSR XXF25D    ;SET SOUND FOR MAIN ENGINE (F1)
                          992   ;
     E46F   A9 07         993          LDA #$07
     E471   85 2A         994          STA $2A
                          995   ; INC SPRITE POINTER FOR EXPLOSION
     E473   EE 07F9       996   XXE473 INC SPRITE1
     E476   A5 2A         997          LDA $2A
     E478   C9 03         998          CMP #$03
     E47A   D0 05         999          BNE XXE481
     E47C   A9 80        1000          LDA #$80   ;#$80 1000 0000 NOISE RELEASE
                         1001   	              ;#$10 WILL SILENCE EXPLOSION
     E47E   8D D412      1002          STA $D412  ;VCREG3
.MAIN.  Commodore 6502ASM V072882    Page 2-20
   JUPITERLANDER.asm

Error Addr  Code          Seq   Source statement

                         1003   ;
     E481   20 E4F3      1004   XXE481 JSR XXE4F3 ;CYCLE COLOR ON EXPLOSION
                         1005   ;
     E484   C6 2A        1006          DEC $2A
     E486   D0 EB        1007          BNE XXE473
                         1008   ;
     E488   A9 00        1009          LDA #$00    ;DISABLE SPRITES
     E48A   8D D015      1010          STA $D015   ;SPENA
     E48D   A6 22        1011          LDX $22
     E48F   F0 02        1012          BEQ XXE493
     E491   A9 00        1013          LDA #$00
     E493   A5 22        1014   XXE493 LDA $22
     E495   F0 01        1015          BEQ XXE498
     E497   60           1016          RTS
                         1017   ;********************************
                         1018   ;
                         1019   ;********************************
     E498   A5 11        1020   XXE498 LDA $11
     E49A   C9 02        1021          CMP #$02
     E49C   90 08        1022          BCC XXE4A6
     E49E   A9 01        1023          LDA #$01
     E4A0   85 27        1024          STA $27
     E4A2   A9 FF        1025          LDA #$FF
     E4A4   D0 04        1026          BNE XXE4AA
     E4A6   85 27        1027   XXE4A6 STA $27
     E4A8   A5 10        1028          LDA $10
     E4AA   46 27        1029   XXE4AA LSR $27
     E4AC   6A           1030          ROR A
     E4AD   46 27        1031          LSR $27
     E4AF   6A           1032          ROR A
     E4B0   4A           1033          LSR A
     E4B1   4A           1034          LSR A
     E4B2   85 27        1035          STA $27
     E4B4   A5 13        1036          LDA $13 ;FUEL QTY
     E4B6   38           1037          SEC
     E4B7   E5 27        1038          SBC $27
     E4B9   B0 02        1039          BCS XXE4BD
     E4BB   A9 00        1040          LDA #$00
     E4BD   85 13        1041   XXE4BD STA $13 ;FUEL QTY
     E4BF   20 EBD6      1042          JSR XXEBD6 ;DRAW FUEL GAUGE
                         1043   ;
     E4C2   A2 C8        1044   XXE4C2 LDX #$C8
     E4C4   20 EE3E      1045          JSR DELAY1
                         1046   ;
     E4C7   A5 13        1047          LDA $13 ;FUEL QTY
     E4C9   F0 03        1048          BEQ XXE4CE
                         1049   ;********************************
                         1050   ; NEXT CYCLE OF GAME
                         1051   ;********************************
     E4CB   4C E0EE      1052          JMP XXE0EE
.MAIN.  Commodore 6502ASM V072882    Page 2-21
   JUPITERLANDER.asm

Error Addr  Code          Seq   Source statement

                         1053   ;********************************
                         1054   ; UPDATE SCORE
                         1055   ;********************************
     E4CE   A2 00        1056   XXE4CE LDX #$00
     E4D0   20 EE3E      1057          JSR DELAY1
                         1058   ;
     E4D3   A5 1A        1059          LDA $1A
     E4D5   C5 18        1060          CMP $18
     E4D7   A5 1B        1061          LDA $1B
     E4D9   E5 19        1062          SBC $19
     E4DB   B0 0B        1063          BCS XXE4E8
                         1064   ;
     E4DD   A5 18        1065          LDA $18
     E4DF   85 1A        1066          STA $1A
     E4E1   A5 19        1067          LDA $19
     E4E3   85 1B        1068          STA $1B
                         1069   ;
     E4E5   20 EE5A      1070          JSR XXEE5A ;DISPLAY SCORE
                         1071   ;********************************
                         1072   ; CLEAR AREA FOR GAME OVER TEXT
                         1073   ;********************************
     E4E8   20 E532      1074   XXE4E8 JSR XXE532
                         1075   ;
     E4EB   A2 00        1076          LDX #$00
     E4ED   20 EE3E      1077          JSR DELAY1
                         1078   ;********************************
                         1079   ; DISPLAY INSTRUCTION SCREEN
                         1080   ;********************************
     E4F0   4C E090      1081          JMP XXE090
                         1082   ;********************************
                         1083   ; CYCLE COLOR ON LANDER EXPLOSION
                         1084   ;********************************
     E4F3   A9 04        1085   XXE4F3 LDA #$04  ;4 CYCLES
     E4F5   85 1D        1086          STA $1D   ;LOAD COUNTER
                         1087   ;
                         1088   ; INC COLOR BY 2 AND THEN ROLL BACK
                         1089   ;
     E4F7   AD D028      1090   XXE4F7 LDA $D028 ;SP0COL
     E4FA   18           1091          CLC
     E4FB   69 02        1092          ADC #$02  ;#$02
     E4FD   29 0F        1093          AND #$0F
     E4FF   8D D028      1094          STA $D028 ;SP0COL
                         1095   ;
     E502   A2 03        1096          LDX #$03
     E504   20 EE3E      1097          JSR DELAY1
                         1098   ;
     E507   C6 1D        1099          DEC $1D   ;DEC COUNTER
     E509   D0 EC        1100          BNE XXE4F7
     E50B   60           1101          RTS
                         1102   ;********************************
.MAIN.  Commodore 6502ASM V072882    Page 2-22
   JUPITERLANDER.asm

Error Addr  Code          Seq   Source statement

                         1103   ; DISPLAY OUT OF SKY MESSAGE
                         1104   ;********************************
     E50C   A9 00        1105   XXE50C LDA #$00
     E50E   8D D404      1106          STA $D404
     E511   8D D40B      1107          STA $D40B
     E514   8D D412      1108          STA $D412
     E517   20 E6FC      1109          JSR XXE6FC
     E51A   A2 09        1110          LDX #$09
     E51C   BD E528      1111   XXE51C LDA XXE528,X
     E51F   9D 045E      1112          STA $045E,X
     E522   CA           1113          DEX
     E523   10 F7        1114          BPL XXE51C
                         1115   ;********************************
                         1116   ; NEXT CYCLE OF GAME
                         1117   ;********************************
     E525   4C E4C2      1118          JMP XXE4C2
                         1119   ;********************************
                         1120   ; OUT OF SKY MESSGAE
                         1121   ;********************************
     E528   4F 55 54     1122   XXE528 .BYTE 'OUT'
     E52B   00           1123          .BYTE $00
     E52C   4F 46        1124          .BYTE 'OF'
     E52E   00           1125          .BYTE $00
     E52F   53 4B 59     1126          .BYTE 'SKY'
                         1127   ;********************************
                         1128   ; CLEAR AREA FOR GAME OVER TEXT
                         1129   ;********************************
     E532   A2 10        1130   XXE532 LDX #$10
                         1131   ;
     E534   A9 01        1132   XXE534 LDA #$01    ;WHITE
     E536   9D D8AB      1133          STA $D8AB,X
     E539   9D D8D3      1134          STA $D8D3,X
     E53C   A9 00        1135          LDA #$00    ;'@'
     E53E   9D 04AB      1136          STA $04AB,X
     E541   9D 04D3      1137          STA $04D3,X
     E544   CA           1138          DEX
     E545   10 ED        1139          BPL XXE534
     E547   A2 08        1140          LDX #$08
                         1141   ;********************************
                         1142   ; DISPLAY GAME OVER
                         1143   ;********************************
     E549   BD E553      1144   XXE549 LDA XXE553,X
     E54C   9D 04AF      1145          STA $04AF,X
     E54F   CA           1146          DEX
     E550   10 F7        1147          BPL XXE549
     E552   60           1148          RTS
                         1149   ;********************************
                         1150   ;
                         1151   ;********************************
     E553   47 41 4D     1152   XXE553 .BYTE 'GAME'
.MAIN.  Commodore 6502ASM V072882    Page 2-23
   JUPITERLANDER.asm

Error Addr  Code          Seq   Source statement

     E556   45 
     E557   00           1153          .BYTE $00
     E558   4F 56 45     1154          .BYTE 'OVER'
     E55B   52 
                         1155   ;********************************
                         1156   ;
                         1157   ;********************************
     E55C   A9 00        1158   XXE55C LDA #$00     ;RESET VALUES
     E55E   8D D404      1159          STA $D404    ;VCREG1
     E561   8D D40B      1160          STA $D40B    ;VCREG2
     E564   8D D412      1161          STA $D412    ;VCREG3
                         1162   ;
     E567   85 17        1163          STA $17
     E569   85 16        1164          STA $16
                         1165   ;
     E56B   20 E173      1166          JSR XXE173
                         1167   ;
     E56E   A5 11        1168          LDA $11
     E570   30 0B        1169          BMI XXE57D
     E572   D0 06        1170          BNE XXE57A
                         1171   ;
     E574   A5 10        1172          LDA $10
     E576   C9 48        1173          CMP #$48      ;'H'
     E578   90 03        1174          BCC XXE57D
                         1175   ;********************************
                         1176   ; PLAY TUNE 2 SORRY NO BONUS
                         1177   ;********************************
     E57A   4C E624      1178   XXE57A JMP XXE624
                         1179   ;********************************
                         1180   ; THERE MUST BE A BONUS
                         1181   ;********************************
     E57D   A9 00        1182   XXE57D LDA #$00
     E57F   85 17        1183          STA $17
     E581   A9 50        1184          LDA #$50      ;'P'
     E583   38           1185          SEC
     E584   E5 10        1186          SBC $10
     E586   A6 1C        1187          LDX $1C
     E588   E0 01        1188          CPX #$01
     E58A   F0 01        1189          BEQ XXE58D
     E58C   0A           1190          ASL A
     E58D   E0 02        1191   XXE58D CPX #$02
     E58F   F0 0E        1192          BEQ XXE59F
     E591   85 1D        1193          STA $1D
     E593   0A           1194          ASL A
     E594   26 17        1195          ROL $17
     E596   0A           1196          ASL A
     E597   26 17        1197          ROL $17
     E599   65 1D        1198          ADC $1D
     E59B   90 02        1199          BCC XXE59F
     E59D   E6 17        1200          INC $17
.MAIN.  Commodore 6502ASM V072882    Page 2-24
   JUPITERLANDER.asm

Error Addr  Code          Seq   Source statement

     E59F   85 1D        1201   XXE59F STA $1D
                         1202   ;********************************
                         1203   ; CALCULATE BONUS POINTS
                         1204   ;********************************
     E5A1   20 E717      1205          JSR XXE717
                         1206   ;********************************
                         1207   ;PLAY TUNE 3 BONUS POINTS
                         1208   ;********************************
     E5A4   A0 00        1209          LDY #$00
                         1210   ;
     E5A6   A9 41        1211          LDA #$41      ;'A'
     E5A8   8D D404      1212          STA $D404     ;VCREG1
                         1213   ;
     E5AB   B9 E6BE      1214   XXE5AB LDA XXE6BE,Y
     E5AE   8D D400      1215          STA $D400     ;FRELO1
     E5B1   C8           1216          INY
     E5B2   B9 E6BE      1217          LDA XXE6BE,Y
     E5B5   8D D401      1218          STA $D401     ;FREHI1
                         1219   ;
     E5B8   A2 0E        1220          LDX #$0E
     E5BA   20 EE3E      1221          JSR DELAY1
                         1222   ;
     E5BD   C8           1223          INY
     E5BE   C0 3E        1224          CPY #$3E      ;'>'
     E5C0   D0 E9        1225          BNE XXE5AB
                         1226   ;
     E5C2   A9 40        1227          LDA #$40      ;'@'
     E5C4   8D D404      1228          STA $D404     ;VCREG1
                         1229   ;
     E5C7   85 2C        1230          STA $2C
                         1231   ;
     E5C9   A2 0E        1232          LDX #$0E
     E5CB   20 EE3E      1233          JSR DELAY1
                         1234   ;
     E5CE   F8           1235   XXE5CE SED
     E5CF   A5 18        1236          LDA $18
     E5D1   18           1237          CLC
     E5D2   69 01        1238          ADC #$01
     E5D4   85 18        1239          STA $18
     E5D6   A5 19        1240          LDA $19
     E5D8   69 00        1241          ADC #$00
     E5DA   85 19        1242          STA $19
     E5DC   D8           1243          CLD
     E5DD   20 EE5A      1244          JSR XXEE5A
     E5E0   A5 12        1245          LDA $12
     E5E2   18           1246          CLC
     E5E3   69 46        1247          ADC #$46      ;'F'
     E5E5   AA           1248          TAX
     E5E6   A5 13        1249          LDA $13       ;FUEL QTY
     E5E8   69 00        1250          ADC #$00
.MAIN.  Commodore 6502ASM V072882    Page 2-25
   JUPITERLANDER.asm

Error Addr  Code          Seq   Source statement

     E5EA   B0 0C        1251          BCS XXE5F8
     E5EC   86 12        1252          STX $12
     E5EE   85 13        1253          STA $13       ;FUEL QTY
                         1254   ;
     E5F0   20 EBD6      1255          JSR XXEBD6    ;DRAW FUEL GAUGE
                         1256   ;
     E5F3   A9 F0        1257          LDA #$F0     ;MAKE LANDER GO AWAY?
     E5F5   8D 07F9      1258          STA SPRITE1
     E5F8   A5 2C        1259   XXE5F8 LDA $2C
     E5FA   49 01        1260          EOR #$01
     E5FC   85 2C        1261          STA $2C       ;0010 1100
     E5FE   8D D404      1262          STA $D404     ;VCREG1
                         1263                        ;RELEASE NO SYNC RING MOD SAWTOOTH
     E601   A2 02        1264          LDX #$02
     E603   20 EE3E      1265          JSR DELAY1
                         1266   ;
     E606   A5 1D        1267          LDA $1D
     E608   38           1268          SEC
     E609   E9 01        1269          SBC #$01
     E60B   85 1D        1270          STA $1D
     E60D   A5 17        1271          LDA $17
     E60F   E9 00        1272          SBC #$00
     E611   85 17        1273          STA $17
     E613   05 1D        1274          ORA $1D
     E615   D0 B7        1275          BNE XXE5CE
     E617   A9 40        1276          LDA #$40      ;0100 0000
     E619   8D D404      1277          STA $D404     ;VCREG1
                         1278   	                 ;RELEASE PULSE
     E61C   A2 96        1279          LDX #$96
     E61E   20 EE3E      1280          JSR DELAY1
     E621   4C E0CE      1281          JMP XXE0CE
                         1282   ;*******************************
                         1283   ; PLAY TUNE 2 SORRY NO BONUS
                         1284   ;********************************
     E624   A0 00        1285   XXE624 LDY #$00
     E626   A9 41        1286          LDA #$41      ;'A'
     E628   8D D404      1287          STA $D404
     E62B   B9 E658      1288   XXE62B LDA XXE658,Y
     E62E   8D D400      1289          STA $D400
     E631   C8           1290          INY
     E632   B9 E658      1291          LDA XXE658,Y
     E635   8D D401      1292          STA $D401
     E638   A2 08        1293          LDX #$08
     E63A   20 EE3E      1294          JSR DELAY1
     E63D   C8           1295          INY
     E63E   C0 58        1296          CPY #$58      ;'X'
     E640   D0 E9        1297          BNE XXE62B
     E642   A9 40        1298          LDA #$40      ;'@'
     E644   8D D404      1299          STA $D404
     E647   20 E6FC      1300          JSR XXE6FC
.MAIN.  Commodore 6502ASM V072882    Page 2-26
   JUPITERLANDER.asm

Error Addr  Code          Seq   Source statement

                         1301   ;********************************
                         1302   ; DISPLAY NO BONUS
                         1303   ;********************************
     E64A   A2 0D        1304          LDX #$0D
     E64C   BD E6B0      1305   XXE64C LDA XXE6B0,X
     E64F   9D 045C      1306          STA $045C,X
     E652   CA           1307          DEX
     E653   10 F7        1308          BPL XXE64C
     E655   4C E44B      1309          JMP XXE44B
                         1310   ;********************************
                         1311   ; TUNE 2 SORRY NO BONUS
                         1312   ;********************************
     E658   AC           1313   XXE658 .BYTE $AC
                         1314    .LIB sidmus2.asm
                         1315   ;********************************
                         1316   ; XXE658 SID DATA TUNE 2
                         1317   ; SORRY NO BONUS
                         1318   ;********************************
     E659   39           1319          .BYTE $39
     E65A   00           1320          .BYTE $00
     E65B   00           1321          .BYTE $00
     E65C   FC           1322          .BYTE $FC
     E65D   4C           1323          .BYTE $4C
     E65E   AC           1324          .BYTE $AC
     E65F   39           1325          .BYTE $39
     E660   7F           1326          .BYTE $7F
     E661   30           1327          .BYTE $30
     E662   00           1328          .BYTE $00
     E663   00           1329          .BYTE $00
     E664   AC           1330          .BYTE $AC
     E665   39           1331          .BYTE $39
     E666   7F           1332          .BYTE $7F
     E667   30           1333          .BYTE $30
     E668   7E           1334          .BYTE $7E
     E669   26           1335          .BYTE $26
     E66A   00           1336          .BYTE $00
     E66B   00           1337          .BYTE $00
     E66C   7F           1338          .BYTE $7F
     E66D   30           1339          .BYTE $30
     E66E   7E           1340          .BYTE $7E
     E66F   26           1341          .BYTE $26
     E670   D6           1342          .BYTE $D6
     E671   1C           1343          .BYTE $1C
     E672   D6           1344          .BYTE $D6
     E673   1C           1345          .BYTE $1C
     E674   00           1346          .BYTE $00
     E675   00           1347          .BYTE $00
     E676   72           1348          .BYTE $72
     E677   1C           1349          .BYTE $1C
     E678   38           1350          .BYTE $38
.MAIN.  Commodore 6502ASM V072882    Page 2-27
   SIDMUS2.ASM

Error Addr  Code          Seq   Source statement

     E679   1B           1351          .BYTE $1B
     E67A   D6           1352          .BYTE $D6
     E67B   1C           1353          .BYTE $1C
     E67C   8D           1354          .BYTE $8D
     E67D   1E           1355          .BYTE $1E
     E67E   5E           1356          .BYTE $5E
     E67F   20           1357          .BYTE $20
     E680   8D           1358          .BYTE $8D
     E681   1E           1359          .BYTE $1E
     E682   5E           1360          .BYTE $5E
     E683   20           1361          .BYTE $20
     E684   4B           1362          .BYTE $4B
     E685   22           1363          .BYTE $22
     E686   55           1364          .BYTE $55
     E687   24           1365          .BYTE $24
     E688   7E           1366          .BYTE $7E
     E689   26           1367          .BYTE $26
     E68A   00           1368          .BYTE $00
     E68B   00           1369          .BYTE $00
     E68C   00           1370          .BYTE $00
     E68D   00           1371          .BYTE $00
     E68E   D6           1372          .BYTE $D6
     E68F   1C           1373          .BYTE $1C
     E690   38           1374          .BYTE $38
     E691   1B           1375          .BYTE $1B
     E692   D6           1376          .BYTE $D6
     E693   1C           1377          .BYTE $1C
     E694   8D           1378          .BYTE $8D
     E695   1E           1379          .BYTE $1E
     E696   8D           1380          .BYTE $8D
     E697   1E           1381          .BYTE $1E
     E698   8D           1382          .BYTE $8D
     E699   1E           1383          .BYTE $1E
     E69A   D6           1384          .BYTE $D6
     E69B   1C           1385          .BYTE $1C
     E69C   D6           1386          .BYTE $D6
     E69D   1C           1387          .BYTE $1C
     E69E   00           1388          .BYTE $00
     E69F   00           1389          .BYTE $00
     E6A0   00           1390          .BYTE $00
     E6A1   00           1391          .BYTE $00
     E6A2   00           1392          .BYTE $00
     E6A3   00           1393          .BYTE $00
     E6A4   55           1394          .BYTE $55
     E6A5   24           1395          .BYTE $24
     E6A6   00           1396          .BYTE $00
     E6A7   00           1397          .BYTE $00
     E6A8   00           1398          .BYTE $00
     E6A9   00           1399          .BYTE $00
     E6AA   00           1400          .BYTE $00
.MAIN.  Commodore 6502ASM V072882    Page 2-28
   SIDMUS2.ASM

Error Addr  Code          Seq   Source statement

     E6AB   00           1401          .BYTE $00
     E6AC   7E           1402          .BYTE $7E
     E6AD   26           1403          .BYTE $26
     E6AE   00           1404          .BYTE $00
     E6AF   00           1405          .BYTE $00
                         1406   ;********************************
                         1407   ; SID DATA
                         1408   ;********************************
                         1409   ; NO BONUS MESSAGE
                         1410   ;********************************
     E6B0   53 4F 52     1411   XXE6B0 .BYTE 'SORRY'
     E6B3   52 59 
     E6B5   00           1412          .BYTE $00
     E6B6   4E 4F        1413          .BYTE 'NO'
     E6B8   00           1414          .BYTE $00
     E6B9   42 4F 4E     1415          .BYTE 'BONUS'
     E6BC   55 53 
                         1416   ;********************************
                         1417   ; TUNE 3 BONUS POINTS
                         1418   ;********************************
     E6BE                1419   XXE6BE
                         1420    .LIB sidmus3.asm
                         1421   ;********************************
                         1422   ;XXE6BE SID DATA TUNE 3
                         1423   ; BONUS POINTS
                         1424   ;********************************
     E6BE   7E           1425          .BYTE $7E
     E6BF   26           1426          .BYTE $26
     E6C0   00           1427          .BYTE $00
     E6C1   00           1428          .BYTE $00
     E6C2   7E           1429          .BYTE $7E
     E6C3   26           1430          .BYTE $26
     E6C4   7F           1431          .BYTE $7F
     E6C5   30           1432          .BYTE $30
     E6C6   AC           1433          .BYTE $AC
     E6C7   39           1434          .BYTE $39
     E6C8   7F           1435          .BYTE $7F
     E6C9   30           1436          .BYTE $30
     E6CA   AC           1437          .BYTE $AC
     E6CB   39           1438          .BYTE $39
     E6CC   7F           1439          .BYTE $7F
     E6CD   30           1440          .BYTE $30
     E6CE   34           1441          .BYTE $34
     E6CF   2B           1442          .BYTE $2B
     E6D0   00           1443          .BYTE $00
     E6D1   00           1444          .BYTE $00
     E6D2   34           1445          .BYTE $34
     E6D3   2B           1446          .BYTE $2B
     E6D4   61           1447          .BYTE $61
     E6D5   33           1448          .BYTE $33
.MAIN.  Commodore 6502ASM V072882    Page 2-29
   SIDMUS3.ASM

Error Addr  Code          Seq   Source statement

     E6D6   BC           1449          .BYTE $BC
     E6D7   40           1450          .BYTE $40
     E6D8   BC           1451          .BYTE $BC
     E6D9   40           1452          .BYTE $40
     E6DA   BC           1453          .BYTE $BC
     E6DB   40           1454          .BYTE $40
     E6DC   A9           1455          .BYTE $A9
     E6DD   48           1456          .BYTE $48
     E6DE   AC           1457          .BYTE $AC
     E6DF   39           1458          .BYTE $39
     E6E0   7F           1459          .BYTE $7F
     E6E1   30           1460          .BYTE $30
     E6E2   A9           1461          .BYTE $A9
     E6E3   48           1462          .BYTE $48
     E6E4   AC           1463          .BYTE $AC
     E6E5   39           1464          .BYTE $39
     E6E6   7F           1465          .BYTE $7F
     E6E7   30           1466          .BYTE $30
     E6E8   A9           1467          .BYTE $A9
     E6E9   48           1468          .BYTE $48
     E6EA   AC           1469          .BYTE $AC
     E6EB   39           1470          .BYTE $39
     E6EC   FC           1471          .BYTE $FC
     E6ED   4C           1472          .BYTE $4C
     E6EE   00           1473          .BYTE $00
     E6EF   00           1474          .BYTE $00
     E6F0   A9           1475          .BYTE $A9
     E6F1   48           1476          .BYTE $48
     E6F2   FC           1477          .BYTE $FC
     E6F3   4C           1478          .BYTE $4C
     E6F4   FC           1479          .BYTE $FC
     E6F5   4C           1480          .BYTE $4C
     E6F6   FC           1481          .BYTE $FC
     E6F7   4C           1482          .BYTE $4C
     E6F8   FC           1483          .BYTE $FC
     E6F9   4C           1484          .BYTE $4C
     E6FA   FC           1485          .BYTE $FC
     E6FB   4C           1486          .BYTE $4C
                         1487   ;********************************
                         1488   ; SID DATA
                         1489   ;********************************
                         1490   ; DISPLAY BOX AROUND BONUS/NO BONUS
                         1491   ; OUT OF SKY
                         1492   ;********************************
     E6FC   A2 0E        1493   XXE6FC LDX #$0E
     E6FE   A9 01        1494          LDA #$01    ;COLOR OF TEXT WHITW
     E700   9D D85C      1495   XXE700 STA $D85C,X ;COLOR RAM LOCATION
     E703   CA           1496          DEX
     E704   10 FA        1497          BPL XXE700
     E706   A2 10        1498          LDX #$10
.MAIN.  Commodore 6502ASM V072882    Page 2-30
   JUPITERLANDER.asm

Error Addr  Code          Seq   Source statement

     E708   A9 00        1499          LDA #$00     ;COLOR OF BOX BLACK
     E70A   9D 0433      1500   XXE70A STA $0433,X ;SCREEN LOCATION
     E70D   9D 045B      1501          STA $045B,X ;SCREEN LOCATION
     E710   9D 0483      1502          STA $0483,X ;SCREEN LOCATION
     E713   CA           1503          DEX
     E714   10 F4        1504          BPL XXE70A
     E716   60           1505          RTS
                         1506   ;********************************
                         1507   ; DRAW FUEL GAUGE
                         1508   ; CALCULATE BONUS SCORE FROM
                         1509   ; AWARD X PAD #
                         1510   ; DISPLAY BONUS SCORE AWARD
                         1511   ; ### X PAD# = BONUS
                         1512   ;********************************
     E717   20 E6FC      1513   XXE717 JSR XXE6FC
     E71A   A9 50        1514          LDA #$50      ;'P'
     E71C   38           1515          SEC
     E71D   E5 10        1516          SBC $10
     E71F   A2 FF        1517          LDX #$FF
     E721   E8           1518   XXE721 INX
     E722   38           1519          SEC
     E723   E9 0A        1520          SBC #$0A
     E725   B0 FA        1521          BCS XXE721
     E727   69 0A        1522          ADC #$0A
     E729   09 30        1523          ORA #$30      ;'0'
     E72B   8D 045D      1524          STA $045D
     E72E   8A           1525          TXA
     E72F   F0 05        1526          BEQ XXE736
     E731   09 30        1527          ORA #$30      ;'0'
     E733   8D 045C      1528          STA $045C
     E736   A9 30        1529   XXE736 LDA #$30      ;'0'
     E738   8D 045E      1530          STA $045E
     E73B   A9 58        1531          LDA #$58      ;'X'
     E73D   8D 0460      1532          STA $0460
     E740   A6 1C        1533          LDX $1C
     E742   CA           1534          DEX
     E743   D0 07        1535          BNE XXE74C
     E745   A9 35        1536          LDA #$35      ;'5'
     E747   8D 0463      1537          STA $0463
     E74A   D0 14        1538          BNE XXE760
     E74C   CA           1539   XXE74C DEX
     E74D   D0 07        1540          BNE XXE756
     E74F   A9 32        1541          LDA #$32      ;'2'
     E751   8D 0463      1542          STA $0463
     E754   D0 0A        1543          BNE XXE760
     E756   A9 31        1544   XXE756 LDA #$31      ;'1'
     E758   8D 0462      1545          STA $0462
     E75B   A9 30        1546          LDA #$30      ;'0'
     E75D   8D 0463      1547          STA $0463
     E760   A9 3D        1548   XXE760 LDA #$3D      ;'='
.MAIN.  Commodore 6502ASM V072882    Page 2-31
   JUPITERLANDER.asm

Error Addr  Code          Seq   Source statement

     E762   8D 0464      1549          STA $0464
     E765   A5 1D        1550          LDA $1D
     E767   A6 17        1551          LDX $17
     E769   A0 FF        1552          LDY #$FF
     E76B   C8           1553   XXE76B INY
     E76C   38           1554          SEC
     E76D   E9 64        1555          SBC #$64
     E76F   48           1556          PHA
     E770   8A           1557          TXA
     E771   E9 00        1558          SBC #$00
     E773   AA           1559          TAX
     E774   68           1560          PLA
     E775   B0 F4        1561          BCS XXE76B
     E777   69 64        1562          ADC #$64
     E779   48           1563          PHA
     E77A   98           1564          TYA
     E77B   F0 05        1565          BEQ XXE782
     E77D   09 30        1566          ORA #$30      ;'0'
     E77F   8D 0466      1567          STA $0466
     E782   68           1568   XXE782 PLA
     E783   A0 FF        1569          LDY #$FF
     E785   C8           1570   XXE785 INY
     E786   38           1571          SEC
     E787   E9 0A        1572          SBC #$0A
     E789   B0 FA        1573          BCS XXE785
     E78B   69 0A        1574          ADC #$0A
     E78D   48           1575          PHA
     E78E   98           1576          TYA
                         1577   ;********************************
                         1578   ; DISPLAY BONUS SCORE
                         1579   ; ### X PAD# = BONUS
                         1580   ;********************************
     E78F   09 30        1581          ORA #$30      ;'0'
     E791   8D 0467      1582          STA $0467     ;$0467
     E794   68           1583          PLA
     E795   09 30        1584          ORA #$30      ;'0'
     E797   8D 0468      1585          STA $0468     ;$0468
     E79A   A9 30        1586          LDA #$30      ;'0'
     E79C   8D 0469      1587          STA $0469     ;$0469
                         1588   ;
     E79F   60           1589          RTS
                         1590   ;********************************
                         1591   ; DISPLAY INSTRUCTION SCREEN
                         1592   ;********************************
     E7A0   A9 00        1593   XXE7A0 LDA #$00   ;
     E7A2   8D D418      1594          STA $D418  ;SIGVOL
     E7A5   A9 01        1595          LDA #$01
     E7A7   85 22        1596          STA $22
     E7A9   58           1597          CLI
     E7AA   20 F266      1598   XXE7AA JSR XXF266
.MAIN.  Commodore 6502ASM V072882    Page 2-32
   JUPITERLANDER.asm

Error Addr  Code          Seq   Source statement

     E7AD   EA           1599          NOP
     E7AE   EA           1600          NOP
     E7AF   8D D020      1601          STA $D020  ;EXTCOL BORDER
     E7B2   A9 00        1602          LDA #$00   ;#$<SCREEN
     E7B4   85 02        1603          STA $02
     E7B6   A9 04        1604          LDA #$04   ;#$>SCREEN
     E7B8   85 03        1605          STA $03
                         1606   ;
     E7BA   A2 17        1607          LDX #$17
     E7BC   A0 25        1608   XXE7BC LDY #$25      ;
     E7BE   A9 00        1609   XXE7BE LDA #$00      ;
     E7C0   91 02        1610          STA ($02),Y   ;LOAD SCREEN
     E7C2   88           1611          DEY
     E7C3   10 F9        1612          BPL XXE7BE
                         1613   ;
     E7C5   A5 02        1614          LDA $02       ;ADVANCE SCREEN LOCATION
     E7C7   18           1615          CLC
     E7C8   69 28        1616          ADC #$28      ;
     E7CA   85 02        1617          STA $02
     E7CC   90 02        1618          BCC XXE7D0
     E7CE   E6 03        1619          INC $03
     E7D0   CA           1620   XXE7D0 DEX
     E7D1   D0 E9        1621          BNE XXE7BC
                         1622   ;
     E7D3   A9 00        1623          LDA #$00    ;#$<CLRRAM
     E7D5   85 02        1624          STA $02
     E7D7   A9 D8        1625          LDA #$D8    ;#$>CLRRAM
     E7D9   85 03        1626          STA $03
                         1627   ;
     E7DB   A2 17        1628          LDX #$17
     E7DD   A0 25        1629   XXE7DD LDY #$25    ;SCREEN COLOR
     E7DF   A9 01        1630   XXE7DF LDA #$01
     E7E1   91 02        1631          STA ($02),Y
     E7E3   88           1632          DEY
     E7E4   10 F9        1633          BPL XXE7DF
                         1634   ;
     E7E6   A5 02        1635          LDA $02       ;ADVANCE COLOR RAM LOCATION
     E7E8   18           1636          CLC
     E7E9   69 28        1637          ADC #$28      ;
     E7EB   85 02        1638          STA $02
     E7ED   90 02        1639          BCC XXE7F1
     E7EF   E6 03        1640          INC $03
     E7F1   CA           1641   XXE7F1 DEX
     E7F2   D0 E9        1642          BNE XXE7DD
                         1643   ;********************************
                         1644   ; DISPLAY JUPITER LANDER
                         1645   ;*******************************
     E7F4   A2 0D        1646          LDX #$0D
     E7F6   BD E874      1647   XXE7F6 LDA XXE874,X
     E7F9   9D 0434      1648          STA $0434,X
.MAIN.  Commodore 6502ASM V072882    Page 2-33
   JUPITERLANDER.asm

Error Addr  Code          Seq   Source statement

     E7FC   CA           1649          DEX
     E7FD   10 F7        1650          BPL XXE7F6
                         1651   ;********************************
                         1652   ; [[ INSTRUCTIONS ]]
                         1653   ;********************************
     E7FF   A2 11        1654          LDX #$11
     E801   BD E882      1655   XXE801 LDA XXE882,X
     E804   9D 0482      1656          STA $0482,X
     E807   CA           1657          DEX
     E808   10 F7        1658          BPL XXE801
                         1659   ;********************************
                         1660   ; PUSH F1 TO START
                         1661   ;********************************
     E80A   A2 11        1662          LDX #$11
     E80C   BD E894      1663   XXE80C LDA XXE894,X
     E80F   9D 07CA      1664          STA $07CA,X
     E812   CA           1665          DEX
     E813   10 F7        1666          BPL XXE80C
                         1667   ;********************************
                         1668   ;  F1 FIRE LEFT_A RIGHT_D
                         1669   ;********************************
     E815   A2 06        1670          LDX #$06
     E817   BD E8A6      1671   XXE817 LDA XXE8A6,X
     E81A   9D 052F      1672          STA $052F,X
     E81D   BD E8AD      1673          LDA XXE8AD,X
     E820   9D 05C2      1674          STA $05C2,X
     E823   BD E8B4      1675          LDA XXE8B4,X
     E826   9D 05CB      1676          STA $05CB,X
     E829   CA           1677          DEX
     E82A   10 EB        1678          BPL XXE817
                         1679   ;********************************
                         1680   ; INSTRUCTIONS
                         1681   ;********************************
     E82C   A2 25        1682          LDX #$25      ;'%'
     E82E   BD E8BB      1683   XXE82E LDA XXE8BB,X
     E831   9D 0608      1684          STA $0608,X
     E834   BD E8E1      1685          LDA XXE8E1,X
     E837   9D 0630      1686          STA $0630,X
     E83A   BD E907      1687          LDA XXE907,X
     E83D   9D 0658      1688          STA $0658,X
     E840   BD E92D      1689          LDA XXE92D,X
     E843   9D 0680      1690          STA $0680,X
     E846   BD E953      1691          LDA XXE953,X
     E849   9D 06A8      1692          STA $06A8,X
     E84C   BD E979      1693          LDA XXE979,X
     E84F   9D 06D0      1694          STA $06D0,X
     E852   BD E99F      1695          LDA XXE99F,X
     E855   9D 06F8      1696          STA $06F8,X
     E858   CA           1697          DEX
     E859   10 D3        1698          BPL XXE82E
.MAIN.  Commodore 6502ASM V072882    Page 2-34
   JUPITERLANDER.asm

Error Addr  Code          Seq   Source statement

                         1699   ;********************************
                         1700   ; COPYRIGHT 1982 BY COMMODORE
                         1701   ;********************************
     E85B   A2 1A        1702          LDX #$1A
     E85D   BD E9C5      1703   XXE85D LDA XXE9C5,X
     E860   9D 0749      1704          STA $0749,X
     E863   CA           1705          DEX
     E864   10 F7        1706          BPL XXE85D
                         1707   ;********************************
                         1708   ; AND HAL LABORATORY
                         1709   ;********************************
     E866   A2 11        1710          LDX #$11
     E868   BD E9E0      1711   XXE868 LDA XXE9E0,X
     E86B   9D 0782      1712          STA $0782,X
     E86E   CA           1713          DEX
     E86F   10 F7        1714          BPL XXE868
     E871   4C E9F2      1715          JMP XXE9F2
                         1716   ;********************************
                         1717   ; TITLE TEXT ON INSTRUCTION SCREEN
                         1718   ;********************************
     E874   4A 55 50     1719   XXE874 .BYTE 'JUPITER'
     E877   49 54 45 
     E87A   52 
     E87B   00           1720          .BYTE $00
     E87C   4C 41 4E     1721          .BYTE 'LANDER'
     E87F   44 45 52 
                         1722   ;********************************
                         1723   ; INSTRUCTION SCREEN MESSAGE
                         1724   ;********************************
     E882   5B 5B        1725   XXE882 .BYTE '[['
     E884   00           1726          .BYTE $00
     E885   49 4E 53     1727          .BYTE 'INSTRUCTIONS'
     E888   54 52 55 
     E88B   43 54 49 
     E88E   4F 4E 53 
     E891   00           1728          .BYTE $00
     E892   5D 5D        1729          .BYTE ']]'
                         1730   ;
     E894   50 55 53     1731   XXE894 .BYTE 'PUSH'
     E897   48 
     E898   00           1732          .BYTE $00
     E899   5B 46 31     1733          .BYTE '[F1]'
     E89C   5D 
     E89D   00           1734          .BYTE $00
     E89E   54 4F        1735          .BYTE 'TO'
     E8A0   00           1736          .BYTE $00
     E8A1   53 54 41     1737          .BYTE 'START'
     E8A4   52 54 
                         1738   ;
     E8A6   46 31 5F     1739   XXE8A6 .BYTE 'F1_FIRE'
.MAIN.  Commodore 6502ASM V072882    Page 2-35
   JUPITERLANDER.asm

Error Addr  Code          Seq   Source statement

     E8A9   46 49 52 
     E8AC   45 
                         1740   ;
     E8AD   00           1741   XXE8AD .BYTE $00
     E8AE   4C 45 46     1742          .BYTE 'LEFT_A'
     E8B1   54 5F 41 
                         1743   ;
     E8B4   44 5F 52     1744   XXE8B4 .BYTE 'D_RIGHT'
     E8B7   49 47 48 
     E8BA   54 
                         1745   ;
     E8BB   55 53 45     1746   XXE8BB .BYTE 'USE'
     E8BE   00           1747          .BYTE $00
     E8BF   54 48 45     1748          .BYTE 'THE'
     E8C2   00           1749          .BYTE $00
     E8C3   4B 45 59     1750          .BYTE 'KEYBOARD'
     E8C6   42 4F 41 
     E8C9   52 44 
     E8CB   00           1751          .BYTE $00
     E8CC   4F 52        1752          .BYTE 'OR'
     E8CE   00           1753          .BYTE $00
     E8CF   4A 4F 59     1754          .BYTE 'JOYSTICK'
     E8D2   53 54 49 
     E8D5   43 4B 
     E8D7   00           1755          .BYTE $00
     E8D8   46 4F 52     1756          .BYTE 'FOR'
     E8DB   00           1757          .BYTE $00
     E8DC   43 4F 4E     1758          .BYTE 'CONT_'
     E8DF   54 5F 
                         1759   ;
     E8E1   52 4F 4C     1760   XXE8E1 .BYTE 'ROLLING'
     E8E4   4C 49 4E 
     E8E7   47 
     E8E8   00           1761          .BYTE $00
     E8E9   54 48 52     1762          .BYTE 'THRUST^'
     E8EC   55 53 54 
     E8EF   5E 
     E8F0   00           1763          .BYTE $00
     E8F1   4C 41 4E     1764          .BYTE 'LAND'
     E8F4   44 
     E8F5   00           1765          .BYTE $00
     E8F6   00           1766          .BYTE $00
     E8F7   4F 4E        1767          .BYTE 'ON'
     E8F9   00           1768          .BYTE $00
     E8FA   4F 4E 45     1769          .BYTE 'ONE'
     E8FD   00           1770          .BYTE $00
     E8FE   4F 46        1771          .BYTE 'OF'
     E900   00           1772          .BYTE $00
     E901   00           1773          .BYTE $00
     E902   54 48 52     1774          .BYTE 'THREE'
.MAIN.  Commodore 6502ASM V072882    Page 2-36
   JUPITERLANDER.asm

Error Addr  Code          Seq   Source statement

     E905   45 45 
                         1775   ;
     E907   50 4F 53     1776   XXE907 .BYTE 'POSITIONS^'
     E90A   49 54 49 
     E90D   4F 4E 53 
     E910   5E 
     E911   00           1777          .BYTE $00
     E912   56 45 52     1778          .BYTE 'VERTICAL'
     E915   54 49 43 
     E918   41 4C 
     E91A   00           1779          .BYTE $00
     E91B   56 45 4C     1780          .BYTE 'VELOCITY'
     E91E   4F 43 49 
     E921   54 59 
     E923   00           1781          .BYTE $00
     E924   4D 55 53     1782          .BYTE 'MUST'
     E927   54 
     E928   00           1783          .BYTE $00
     E929   43 4F 4D     1784          .BYTE 'COME'
     E92C   45 
                         1785   ;
     E92D   57 49 54     1786   XXE92D .BYTE 'WITHIN'
     E930   48 49 4E 
     E933   00           1787          .BYTE $00
     E934   00           1788          .BYTE $00
     E935   54 48 45     1789          .BYTE 'THE'
     E938   00           1790          .BYTE $00
     E939   59 45 4C     1791          .BYTE 'YELLOW'
     E93C   4C 4F 57 
     E93F   00           1792          .BYTE $00
     E940   41 52 45     1793          .BYTE 'AREA'
     E943   41 
     E944   00           1794          .BYTE $00
     E945   4F 46        1795          .BYTE 'OF'
     E947   00           1796          .BYTE $00
     E948   54 48 45     1797          .BYTE 'THE'
     E94B   00           1798          .BYTE $00
     E94C   00           1799          .BYTE $00
     E94D   53 43 41     1800          .BYTE 'SCALE^'
     E950   4C 45 5E 
                         1801   ;
     E953   54 48 45     1802   XXE953 .BYTE 'THE'
     E956   00           1803          .BYTE $00
     E957   53 43 4F     1804          .BYTE 'SCORE\'
     E95A   52 45 5C 
     E95D   00           1805          .BYTE $00
     E95E   41 43 43     1806          .BYTE 'ACCORDING'
     E961   4F 52 44 
     E964   49 4E 47 
     E967   00           1807          .BYTE $00
.MAIN.  Commodore 6502ASM V072882    Page 2-37
   JUPITERLANDER.asm

Error Addr  Code          Seq   Source statement

     E968   54 4F        1808          .BYTE 'TO'
     E96A   00           1809          .BYTE $00
     E96B   54 48 45     1810          .BYTE 'THE'
     E96E   00           1811          .BYTE $00
     E96F   56 45 4C     1812          .BYTE 'VELOCITY\'
     E972   4F 43 49 
     E975   54 59 5C 
     E978   00           1813          .BYTE $00
                         1814   ;
     E979   49 53        1815   XXE979 .BYTE 'IS'
     E97B   00           1816          .BYTE $00
     E97C   4D 55 4C     1817          .BYTE 'MULTIPLIED'
     E97F   54 49 50 
     E982   4C 49 45 
     E985   44 
     E986   00           1818          .BYTE $00
     E987   42 59        1819          .BYTE 'BY'
     E989   00           1820          .BYTE $00
     E98A   54 48 45     1821          .BYTE 'THE'
     E98D   00           1822          .BYTE $00
     E98E   4E 55 4D     1823          .BYTE 'NUMBER'
     E991   42 45 52 
     E994   00           1824          .BYTE $00
     E995   42 45 4C     1825          .BYTE 'BELOW^'
     E998   4F 57 5E 
     E99B   00           1826          .BYTE $00
     E99C   59 4F 55     1827          .BYTE 'YOU'
                         1828   ;
     E99F   41 52 45     1829   XXE99F .BYTE 'ARE'
     E9A2   00           1830          .BYTE $00
     E9A3   52 45 46     1831          .BYTE 'REFUELED'
     E9A6   55 45 4C 
     E9A9   45 44 
     E9AB   00           1832          .BYTE $00
     E9AC   4F 4E        1833          .BYTE 'ON'
     E9AE   00           1834          .BYTE $00
     E9AF   41           1835          .BYTE 'A'
     E9B0   00           1836          .BYTE $00
     E9B1   53 55 43     1837          .BYTE 'SUCCESSFUL'
     E9B4   43 45 53 
     E9B7   53 46 55 
     E9BA   4C 
     E9BB   00           1838          .BYTE $00
     E9BC   4C 41 4E     1839          .BYTE 'LANDING^'
     E9BF   44 49 4E 
     E9C2   47 5E 
     E9C4   00           1840          .BYTE $00
                         1841   ;
     E9C5   43 4F 50     1842   XXE9C5 .BYTE 'COPYRIGHT'
     E9C8   59 52 49 
.MAIN.  Commodore 6502ASM V072882    Page 2-38
   JUPITERLANDER.asm

Error Addr  Code          Seq   Source statement

     E9CB   47 48 54 
     E9CE   00           1843          .BYTE $00
     E9CF   31 39 38     1844          .BYTE '1982'
     E9D2   32 
     E9D3   00           1845          .BYTE $00
     E9D4   42 59        1846          .BYTE 'BY'
     E9D6   00           1847          .BYTE $00
     E9D7   43 4F 4D     1848          .BYTE 'COMMODORE'
     E9DA   4D 4F 44 
     E9DD   4F 52 45 
                         1849   ;
     E9E0   41 4E 44     1850   XXE9E0 .BYTE 'AND'
     E9E3   00           1851          .BYTE $00
     E9E4   48 41 4C     1852          .BYTE 'HAL'
     E9E7   00           1853          .BYTE $00
     E9E8   4C 41 42     1854          .BYTE 'LABORATORY'
     E9EB   4F 52 41 
     E9EE   54 4F 52 
     E9F1   59 
                         1855   ;********************************
                         1856   ;
                         1857   ;********************************
     E9F2   A9 00        1858   XXE9F2 LDA #$00
     E9F4   85 13        1859          STA $13       ;FUEL QTY
     E9F6   85 11        1860          STA $11
     E9F8   A9 14        1861          LDA #$14      ;VERTICAL VELOCITY
     E9FA   85 10        1862          STA $10
     E9FC   20 EBD6      1863          JSR XXEBD6    ;DRAW FUEL GAUGE
     E9FF   A9 01        1864          LDA #$01
     EA01   85 21        1865          STA $21       ;FUEL STATUS
     EA03   A9 90        1866          LDA #$90
     EA05   85 23        1867          STA SPX
     EA07   A9 00        1868          LDA #$00
     EA09   85 24        1869          STA $24
     EA0B   A9 5A        1870          LDA #$5A      ;'Z'
     EA0D   85 25        1871          STA $25
     EA0F   A9 03        1872          LDA #$03
     EA11   8D D028      1873          STA $D028     ;SP1COL
     EA14   A9 00        1874          LDA #$00
     EA16   85 17        1875          STA $17
     EA18   85 16        1876          STA $16
                         1877   ;********************************
                         1878   ; ANIMATE LANDER SPRITES
                         1879   ; ON INSTRUCTION SCREEN
                         1880   ;********************************
     EA1A   20 E3A1      1881          JSR XXE3A1
                         1882   ;
     EA1D   A2 78        1883          LDX #$78
     EA1F   20 EE3E      1884          JSR DELAY1
     EA22   A9 03        1885          LDA #$03
.MAIN.  Commodore 6502ASM V072882    Page 2-39
   JUPITERLANDER.asm

Error Addr  Code          Seq   Source statement

     EA24   85 2D        1886          STA $2D
                         1887   ;********************************
                         1888   ;
                         1889   ;********************************
            =0000        1890   BLACK = $00
            =0001        1891   WHITE = $01
                         1892   ;********************************
                         1893   ;	   A - LEFT BLACK TEXT`
                         1894   ;********************************
     EA26   A2 06        1895   XXEA26 LDX #$06
     EA28   A9 00        1896          LDA #$00     ;COLOR = BLACK
                         1897   ;
     EA2A   9D D9C2      1898   XXEA2A STA $D9C2,X  ;COLOR RAM POSITION
     EA2D   CA           1899          DEX
     EA2E   10 FA        1900          BPL XXEA2A
                         1901   ;
     EA30   A9 01        1902          LDA #$01
     EA32   85 17        1903          STA $17
                         1904   ;********************************
                         1905   ; ANIMATE LANDER SPRITES
                         1906   ; ON INSTRUCTION SCREEN
                         1907   ;********************************
     EA34   20 E3A1      1908          JSR XXE3A1
                         1909   ;
     EA37   A2 46        1910          LDX #$46      ;'F'
     EA39   20 EE3E      1911          JSR DELAY1
                         1912   ;********************************
                         1913   ;	   A - LEFT BLACK TEXT`
                         1914   ;********************************
     EA3C   A2 06        1915          LDX #$06
     EA3E   A9 01        1916          LDA #$01	    ;COLOR IS WHITE
                         1917   ;
     EA40   9D D9C2      1918   XXEA40 STA $D9C2,X  ;COLOR RAM POSITION
     EA43   CA           1919          DEX
     EA44   10 FA        1920          BPL XXEA40
                         1921   ;
     EA46   A9 00        1922          LDA #$00
     EA48   85 17        1923          STA $17
                         1924   ;********************************
                         1925   ; ANIMATE LANDER SPRITES
                         1926   ; ON INSTRUCTION SCREEN
                         1927   ;********************************
     EA4A   20 E3A1      1928          JSR XXE3A1
                         1929   ;
     EA4D   A2 46        1930          LDX #$46      ;'F'
     EA4F   20 EE3E      1931          JSR DELAY1
                         1932   ;********************************
                         1933   ;	   D - RIGHT BLACK TEXT`
                         1934   ;********************************
     EA52   A2 06        1935          LDX #$06
.MAIN.  Commodore 6502ASM V072882    Page 2-40
   JUPITERLANDER.asm

Error Addr  Code          Seq   Source statement

     EA54   A9 00        1936          LDA #$00     ;COLOR = BLACK
                         1937   ;
     EA56   9D D9CB      1938   XXEA56 STA $D9CB,X  ;COLOR RAM POSITION
     EA59   CA           1939          DEX
     EA5A   10 FA        1940          BPL XXEA56
                         1941   ;
     EA5C   A9 02        1942          LDA #$02
     EA5E   85 17        1943          STA $17
                         1944   ;********************************
                         1945   ; ANIMATE LANDER SPRITES
                         1946   ; ON INSTRUCTION SCREEN
                         1947   ;********************************
     EA60   20 E3A1      1948          JSR XXE3A1
                         1949   ;
     EA63   A2 46        1950          LDX #$46      ;'F'
     EA65   20 EE3E      1951          JSR DELAY1
                         1952   ;********************************
                         1953   ;	   D - RIGHT WHITE TEXT`
                         1954   ;********************************
     EA68   A2 06        1955          LDX #$06
     EA6A   A9 01        1956          LDA #$01	    ;COLOR IS WHITE
                         1957   ;
     EA6C   9D D9CB      1958   XXEA6C STA $D9CB,X  ;COLOR RAM POSITION
     EA6F   CA           1959          DEX
     EA70   10 FA        1960          BPL XXEA6C
                         1961   ;
     EA72   A9 00        1962          LDA #$00
     EA74   85 17        1963          STA $17
                         1964   ;********************************
                         1965   ; ANIMATE LANDER SPRITES
                         1966   ; ON INSTRUCTION SCREEN
                         1967   ;********************************
     EA76   20 E3A1      1968          JSR XXE3A1
                         1969   ;
     EA79   A2 46        1970          LDX #$46      ;'F'
     EA7B   20 EE3E      1971          JSR DELAY1
                         1972   ;********************************
                         1973   ;	   F1 - FIRE BLACK TEXT`
                         1974   ;********************************
     EA7E   A2 06        1975          LDX #$06
     EA80   A9 00        1976          LDA #$00     ;COLOR = BLACK
                         1977   ;
     EA82   9D D92F      1978   XXEA82 STA $D92F,X  ;COLOR RAM POSITION
     EA85   CA           1979          DEX
                         1980   ;
     EA86   10 FA        1981          BPL XXEA82
     EA88   A9 01        1982          LDA #$01
     EA8A   85 16        1983          STA $16
     EA8C   A9 0F        1984          LDA #$0F
     EA8E   85 1D        1985          STA $1D
.MAIN.  Commodore 6502ASM V072882    Page 2-41
   JUPITERLANDER.asm

Error Addr  Code          Seq   Source statement

                         1986   ;********************************
                         1987   ; ANIMATE LANDER SPRITES
                         1988   ; ON INSTRUCTION SCREEN
                         1989   ;********************************
     EA90   20 E3A1      1990   XXEA90 JSR XXE3A1
                         1991   ;
     EA93   A2 06        1992          LDX #$06
     EA95   20 EE3E      1993          JSR DELAY1
                         1994   ;
     EA98   C6 1D        1995          DEC $1D
     EA9A   D0 F4        1996          BNE XXEA90
                         1997   ;********************************
                         1998   ;	   F1 - FIRE WHITE TEXT
                         1999   ;********************************
     EA9C   A2 06        2000          LDX #$06
     EA9E   A9 01        2001          LDA #$01     ;COLOR = WHITE
     EAA0   9D D92F      2002   XXEAA0 STA $D92F,X  ;COLOR RAM POSITION
     EAA3   CA           2003          DEX
     EAA4   10 FA        2004          BPL XXEAA0
                         2005   ;********************************
                         2006   ;
                         2007   ;********************************
     EAA6   A9 00        2008          LDA #$00
     EAA8   85 16        2009          STA $16
                         2010   ;********************************
                         2011   ; ANIMATE LANDER SPRITES
                         2012   ; ON INSTRUCTION SCREEN
                         2013   ;********************************
     EAAA   20 E3A1      2014          JSR XXE3A1
                         2015   ;
     EAAD   A2 46        2016          LDX #$46      ;'F'
     EAAF   20 EE3E      2017          JSR DELAY1
     EAB2   C6 2D        2018          DEC $2D
     EAB4   F0 03        2019          BEQ XXEAB9
                         2020   ;
     EAB6   4C EA26      2021          JMP XXEA26
                         2022   ;********************************
                         2023   ; SHOW ANIMATED PLAY SCREEN
                         2024   ; WITH RANDOM DROPPING LANDER
                         2025   ;********************************
     EAB9   A2 02        2026   XXEAB9 LDX #$02
     EABB   20 EE3E      2027          JSR DELAY1
     EABE   A9 FF        2028          LDA #$FF
     EAC0   85 1C        2029          STA $1C
     EAC2   A9 00        2030          LDA #$00
     EAC4   8D D021      2031          STA $D021 ;BACKGROUND COLOR 0
     EAC7   8D D020      2032          STA $D020
     EACA   A9 04        2033          LDA #$04
     EACC   85 14        2034          STA $14   ;VERTICAL VELOCITY
     EACE   A9 00        2035          LDA #$00
.MAIN.  Commodore 6502ASM V072882    Page 2-42
   JUPITERLANDER.asm

Error Addr  Code          Seq   Source statement

     EAD0   85 08        2036          STA $08
     EAD2   85 0D        2037          STA $0D
     EAD4   85 0A        2038          STA $0A
     EAD6   85 0F        2039          STA $0F
     EAD8   A9 50        2040          LDA #$50      ;'P'
     EADA   85 09        2041          STA $09
     EADC   A9 6A        2042          LDA #$6A
     EADE   85 0E        2043          STA $0E
     EAE0   A9 00        2044          LDA #$00
     EAE2   85 10        2045          STA $10
     EAE4   85 11        2046          STA $11
     EAE6   E6 15        2047          INC $15
     EAE8   A5 15        2048          LDA $15
     EAEA   29 03        2049          AND #$03
     EAEC   AA           2050          TAX
     EAED   BD EB31      2051          LDA XXEB31,X
     EAF0   85 0B        2052          STA $0B
     EAF2   BD EB35      2053          LDA XXEB35,X
     EAF5   85 0C        2054          STA $0C
     EAF7   A9 01        2055          LDA #$01
     EAF9   85 13        2056          STA $13 ;FUEL QTY
                         2057   ; SPRITE 1 COLOR
     EAFB   A9 03        2058          LDA #$03
     EAFD   8D D028      2059          STA $D028 ;SPRITE 1 COLOR REG
                         2060   ;
     EB00   A9 00        2061          LDA #$00
     EB02   85 16        2062          STA $16
     EB04   85 17        2063          STA $17
     EB06   20 E173      2064          JSR XXE173
     EB09   A2 03        2065          LDX #$03
     EB0B   20 EE3E      2066          JSR DELAY1
     EB0E   AD D01F      2067          LDA $D01F ;SPRITE FOREROUND COLLISION REG
     EB11   20 E2CB      2068   XXEB11 JSR XXE2CB
     EB14   20 E173      2069          JSR XXE173
     EB17   20 EC01      2070          JSR XXEC01
     EB1A   A2 03        2071          LDX #$03
     EB1C   20 EE3E      2072          JSR DELAY1
     EB1F   AD D01F      2073          LDA $D01F  ;SPRITE FOREROUND COLLISION REG
     EB22   29 02        2074          AND #$02   ;DID SPRITE 1 COLLIDE
     EB24   F0 EB        2075          BEQ XXEB11 ;NO LOOP
     EB26   20 E44B      2076          JSR XXE44B
     EB29   A2 00        2077          LDX #$00
     EB2B   20 EE3E      2078          JSR DELAY1
     EB2E   4C E7AA      2079          JMP XXE7AA
                         2080   ;********************************
                         2081   ;
                         2082   ;********************************
     EB31   E6           2083   XXEB31 .BYTE $E6 ;$00E6
     EB32   FF           2084          .BYTE $FF ;$00FF
     EB33   C8           2085          .BYTE $C8 ;$00C8
.MAIN.  Commodore 6502ASM V072882    Page 2-43
   JUPITERLANDER.asm

Error Addr  Code          Seq   Source statement

     EB34   82           2086          .BYTE $82 ;$0082
     EB35   00           2087   XXEB35 .BYTE $00
     EB36   00           2088          .BYTE $00
     EB37   00           2089          .BYTE $00
     EB38   02           2090          .BYTE $02
                         2091   ;********************************
                         2092   ; IRQ INTERRUPT SERVICE ROUTINE
                         2093   ; WAIT OF PRESS <F1> TO START
                         2094   ;********************************
     EB39   48           2095   XXEB39 PHA
     EB3A   8A           2096          TXA
     EB3B   48           2097          PHA
     EB3C   98           2098          TYA
     EB3D   48           2099          PHA
                         2100   ;
                         2101   ; FLASH PUSH <F1> TO START
                         2102   ;
     EB3E   C6 2E        2103          DEC $2E
     EB40   D0 12        2104          BNE XXEB54
     EB42   A9 14        2105          LDA #$14    ;VERTICAL VELOCITY
     EB44   85 2E        2106          STA $2E
     EB46   EE DBCA      2107          INC $DBCA   ;COLOR RAM LOCATION
     EB49   AD DBCA      2108          LDA $DBCA
     EB4C   A2 11        2109          LDX #$11
     EB4E   9D DBCA      2110   XXEB4E STA $DBCA,X
     EB51   CA           2111          DEX
     EB52   10 FA        2112          BPL XXEB4E
                         2113   ;
     EB54   A9 FE        2114   XXEB54 LDA #$FE   ;LOAD BIT MASK
     EB56   8D DC00      2115          STA $DC00  ;SET CIA PORT A
     EB59   AD DC01      2116          LDA $DC01  ;READ KEYBOARD
                         2117   	              ;AND JOYSTICK 1
     EB5C   29 10        2118          AND #$10   ;CHECK IF F1 PRESSED
                         2119   	              ;ALSO JOYSTICK 1 FIRE
     EB5E   D0 06        2120          BNE XXEB66 ;IF NOT PRESSED
                         2121   ;
     EB60   A2 FA        2122          LDX #$FA   ;
     EB62   9A           2123          TXS        ;
     EB63   4C E093      2124          JMP XXE093
                         2125   ;********************************
                         2126   ; RESTORE REGISTERS AND RETURN FROM IRQ
                         2127   ;********************************
     EB66   AD DC0D      2128   XXEB66 LDA $DC0D ;INTERRUPT CNTRL REG
                         2129                    ;CLR IRQ BY READING
     EB69   68           2130          PLA       ;RESTORE REGS
     EB6A   A8           2131          TAY
     EB6B   68           2132          PLA
     EB6C   AA           2133          TAX
     EB6D   68           2134          PLA
     EB6E   40           2135          RTI
.MAIN.  Commodore 6502ASM V072882    Page 2-44
   JUPITERLANDER.asm

Error Addr  Code          Seq   Source statement

                         2136   ;********************************
                         2137   ; READ KEYBOARD OR JOYSTICK
                         2138   ; LOOKING FOR F1, A, D0
                         2139   ;        FIRE, LEFT, RIGHT
                         2140   ;
                         2141   ;      BIT 0 UP
                         2142   ;      BIT 1 DOWN
                         2143   ;      BIT 2 LEFT
                         2144   ;      BIT 3 RIGHT
                         2145   ;      BIT 4 FIRE BUTTON
                         2146   ;
                         2147   ;      LDA $DC01
                         2148   ;      EOR $FF
                         2149   ;      AND #$0F
                         2150   ;
                         2151   ;	   0 = NO PRESS
                         2152   ;      1 = UP
                         2153   ;      2 = DOWN
                         2154   ;      4 = LEFT
                         2155   ;      5 = UP LEFT
                         2156   ;      6 = DOWN LEFT
                         2157   ;      8 = RIGHT
                         2158   ;      9 = UP RIGHT
                         2159   ;      A = DOWN RIGHT
                         2160   ;********************************
     EB6F   A9 FF        2161   XXEB6F LDA #$FF
     EB71   8D DC00      2162          STA $DC00
     EB74   A9 00        2163          LDA #$00
     EB76   85 17        2164          STA $17
     EB78   85 16        2165          STA $16
                         2166   ; WAIT FROM KEY OR JOYSTICK
     EB7A   AD DC01      2167   XXEB7A LDA $DC01
     EB7D   CD DC01      2168          CMP $DC01
     EB80   D0 F8        2169          BNE XXEB7A
                         2170   ;
     EB82   4A           2171          LSR A
     EB83   4A           2172          LSR A
     EB84   29 07        2173          AND #$07
     EB86   C9 07        2174          CMP #$07    ;0000 0111
     EB88   F0 12        2175          BEQ XXEB9C
     EB8A   4A           2176          LSR A
     EB8B   B0 02        2177          BCS XXEB8F
     EB8D   E6 17        2178          INC $17
     EB8F   4A           2179   XXEB8F LSR A
     EB90   B0 04        2180          BCS XXEB96
     EB92   E6 17        2181          INC $17
     EB94   E6 17        2182          INC $17
     EB96   4A           2183   XXEB96 LSR A
     EB97   B0 02        2184          BCS XXEB9B
                         2185   ;
.MAIN.  Commodore 6502ASM V072882    Page 2-45
   JUPITERLANDER.asm

Error Addr  Code          Seq   Source statement

     EB99   E6 16        2186          INC $16
     EB9B   60           2187   XXEB9B RTS
                         2188   ;********************************
                         2189   ;
                         2190   ;********************************
     EB9C   A0 00        2191   XXEB9C LDY #$00
     EB9E   A9 FE        2192          LDA #$FE
     EBA0   8D DC00      2193          STA $DC00
                         2194   ;********************************
                         2195   ; LOOP UNTIL KEY PRESSED
                         2196   ;********************************
     EBA3   AD DC01      2197   XXEBA3 LDA $DC01
     EBA6   CD DC01      2198          CMP $DC01
     EBA9   D0 F8        2199          BNE XXEBA3
                         2200   ;********************************
                         2201   ; CHECK FOR F1 PRESS
                         2202   ;********************************
     EBAB   29 10        2203          AND #$10
     EBAD   D0 02        2204          BNE XXEBB1
                         2205   ; IF F1 PRESSED
                         2206   ; SET Y #$01, OTHERWISE ITS #$00
     EBAF   A0 01        2207          LDY #$01
                         2208   ;
     EBB1   84 16        2209   XXEBB1 STY $16 ;JOYSTICK FIRE BUTTON
                         2210   ;
     EBB3   A0 00        2211          LDY #$00
     EBB5   A2 01        2212          LDX #$01
     EBB7   BD EBD2      2213   XXEBB7 LDA XXEBD2,X ;MASK TO READ KEY
     EBBA   8D DC00      2214          STA $DC00    ;READ KEY PRESS
                         2215   ;********************************
                         2216   ; LOOP UNTIL KEY PRESSED OR BUTTON
                         2217   ;********************************
     EBBD   AD DC01      2218   XXEBBD LDA $DC01
     EBC0   CD DC01      2219          CMP $DC01
     EBC3   D0 F8        2220          BNE XXEBBD
                         2221   
                         2222   ; CHECK FOR A (LEFT) OR D KEY (RIGHT) PRESSED
     EBC5   29 04        2223          AND #$04
     EBC7   D0 03        2224          BNE XXEBCC
                         2225   ;
     EBC9   BC EBD4      2226          LDY XXEBD4,X
     EBCC   CA           2227   XXEBCC DEX
     EBCD   10 E8        2228          BPL XXEBB7
     EBCF   84 17        2229          STY $17 ;KEY A OR D PRESSED
     EBD1   60           2230          RTS
                         2231   ;********************************
                         2232   ; MASK FOR $DC00 TO READ KEY A OR D
                         2233   ;********************************
     EBD2   FB           2234   XXEBD2 .BYTE $FB ;1111 1011
                         2235                    ; BIT 0 1=NOT KEYBOARD COLUMN 0
.MAIN.  Commodore 6502ASM V072882    Page 2-46
   JUPITERLANDER.asm

Error Addr  Code          Seq   Source statement

                         2236   				 ; BIT 1 1=NOT KEYBOARD COLUMN 1
                         2237   				 ; BIT 2 0=KEYBOARD COLUMN 2 = D`
                         2238   				 ; BIT 3 1=NOT KEYBOARD COLUMN 3
                         2239   				 ; BIT 4 1=NOT KEYBOARD COLUMN 4
                         2240   				 ; BIT 5 1=NOT KEYBOARD COLUMN 5
                         2241   				 ; BIT 6 1=NOT KEYBOARD COLUMN 6
                         2242   				 ; BIT 7 1=NOT KEYBOARD COLUMN 7
                         2243   	
     EBD3   FD           2244          .BYTE $FD ;1111 1101
                         2245                    ; BIT 0 1=NOT KEYBOARD COLUMN 0
                         2246   				 ; BIT 1 0=KEYBOARD COLUMN 1 = A
                         2247   				 ; BIT 2 1=NOT KEYBOARD COLUMN 2
                         2248   				 ; BIT 3 1=NOT KEYBOARD COLUMN 3
                         2249   				 ; BIT 4 1=NOT KEYBOARD COLUMN 4
                         2250   				 ; BIT 5 1=NOT KEYBOARD COLUMN 5
                         2251   				 ; BIT 6 1=NOT KEYBOARD COLUMN 6
                         2252   				 ; BIT 7 1=NOT KEYBOARD COLUMN 7
                         2253   
                         2254   ;********************************
                         2255   ; KEYPAD PRESS
                         2256   ;********************************
     EBD4   02           2257   XXEBD4 .BYTE $02 ;RIGHT ??
     EBD5   01           2258          .BYTE $01 ;LEFT  ??
                         2259   ;********************************
                         2260   ; DRAW FUEL GAUGE
                         2261   ;********************************
     EBD6   A5 13        2262   XXEBD6 LDA $13 ;FUEL QTY
     EBD8   48           2263          PHA
     EBD9   4A           2264          LSR A
     EBDA   4A           2265          LSR A
     EBDB   4A           2266          LSR A
     EBDC   A8           2267          TAY
     EBDD   AA           2268          TAX
     EBDE   F0 08        2269          BEQ XXEBE8
                         2270   ;********************************
                         2271   ;DRAW FUEL GUAGE
                         2272   ;********************************
     EBE0   A9 01        2273          LDA #$01
     EBE2   9D 07C7      2274   XXEBE2 STA $07C7,X
     EBE5   CA           2275          DEX
     EBE6   D0 FA        2276          BNE XXEBE2
                         2277   ;********************************
                         2278   ; FLASH PRESS F1 TO START
                         2279   ;********************************
     EBE8   68           2280   XXEBE8 PLA
     EBE9   29 07        2281          AND #$07
     EBEB   18           2282          CLC
     EBEC   69 10        2283          ADC #$10
     EBEE   99 07C8      2284          STA $07C8,Y
     EBF1   A9 00        2285          LDA #$00
.MAIN.  Commodore 6502ASM V072882    Page 2-47
   JUPITERLANDER.asm

Error Addr  Code          Seq   Source statement

     EBF3   C0 1F        2286   XXEBF3 CPY #$1F
     EBF5   F0 0A        2287          BEQ XXEC01
     EBF7   99 07C9      2288          STA $07C9,Y
     EBFA   A6 13        2289          LDX $13 ;FUEL QTY
     EBFC   F0 03        2290          BEQ XXEC01
     EBFE   C8           2291          INY
     EBFF   D0 F2        2292          BNE XXEBF3
                         2293   ;********************************
                         2294   ;
                         2295   ;********************************
     EC01   A5 11        2296   XXEC01 LDA $11
     EC03   C9 02        2297          CMP #$02
     EC05   90 04        2298          BCC XXEC0B
     EC07   C9 FE        2299          CMP #$FE
     EC09   90 46        2300          BCC XXEC51
     EC0B   85 27        2301   XXEC0B STA $27
     EC0D   A5 10        2302          LDA $10
     EC0F   46 27        2303          LSR $27
     EC11   6A           2304          ROR A
     EC12   46 27        2305          LSR $27
     EC14   6A           2306          ROR A
     EC15   48           2307          PHA
     EC16   A9 00        2308          LDA #$00
     EC18   85 02        2309          STA $02
     EC1A   A9 04        2310          LDA #$04
     EC1C   85 03        2311          STA $03
     EC1E   A2 10        2312          LDX #$10
     EC20   A0 C7        2313          LDY #$C7
     EC22   A9 01        2314   XXEC22 LDA #$01
     EC24   91 02        2315          STA ($02),Y
     EC26   98           2316          TYA
     EC27   18           2317          CLC
     EC28   69 28        2318          ADC #$28      ;'('
     EC2A   A8           2319          TAY
     EC2B   90 02        2320          BCC XXEC2F
     EC2D   E6 03        2321          INC $03
     EC2F   CA           2322   XXEC2F DEX
     EC30   D0 F0        2323          BNE XXEC22
                         2324   ;********************************
                         2325   ; GET VERTICAL VELOCITY AND
                         2326   ; TRANSLATE TO SCREEN LOCATION
                         2327   ; ONLY USED IN GAME PLAY NOT DEMO
                         2328   ;********************************
     EC32   68           2329          PLA
     EC33   18           2330          CLC
     EC34   69 80        2331          ADC #$80
     EC36   4A           2332          LSR A
     EC37   48           2333          PHA
     EC38   4A           2334          LSR A
     EC39   4A           2335          LSR A
.MAIN.  Commodore 6502ASM V072882    Page 2-48
   JUPITERLANDER.asm

Error Addr  Code          Seq   Source statement

     EC3A   29 FE        2336          AND #$FE
     EC3C   AA           2337          TAX
                         2338   ;********************************
                         2339   ; SCREEN LOCATION OF VERTICAL VELOCITY
                         2340   ;********************************
     EC3D   BD EC52      2341          LDA XXEC52,X
     EC40   85 02        2342          STA $02
     EC42   BD EC53      2343          LDA XXEC52+1,X
     EC45   85 03        2344          STA $03
     EC47   68           2345          PLA
     EC48   29 07        2346          AND #$07
     EC4A   18           2347          CLC
     EC4B   69 18        2348          ADC #$18
     EC4D   A0 27        2349          LDY #$27      ;'''
     EC4F   91 02        2350          STA ($02),Y
     EC51   60           2351   XXEC51 RTS
                         2352   ;********************************
                         2353   ; SCREEN LOCATION OF VERTICAL
                         2354   ;       VELOCITY BAR
                         2355   ;********************************
     EC52   04A0         2356   XXEC52 .WORD $04A0 ;+
     EC54   04C8         2357          .WORD $04C8
     EC56   04F0         2358          .WORD $04F0
     EC58   0518         2359          .WORD $0518
     EC5A   0540         2360          .WORD $0540
     EC5C   0568         2361          .WORD $0568
     EC5E   0590         2362          .WORD $0590
     EC60   05B8         2363          .WORD $05B8
                         2364   ;
     EC62   05E0         2365          .WORD $05E0 ;-
     EC64   0608         2366          .WORD $0608
     EC66   0630         2367          .WORD $0630
     EC68   0658         2368          .WORD $0658
     EC6A   0680         2369          .WORD $0680
     EC6C   06A8         2370          .WORD $06A8
     EC6E   06D0         2371          .WORD $06D0
     EC70   06F8         2372          .WORD $06F8
                         2373   ;********************************
                         2374   ; DRAW MAIN GAME PLAY SCREEN
                         2375   ; 1 OF 4 POSSIBLE RAM LOCATIONS
                         2376   ;********************************
     EC72   A6 1C        2377   XXEC72 LDX $1C
     EC74   BD ECD4      2378          LDA XXECD4,X
     EC77   85 02        2379          STA $02
     EC79   BD ECD8      2380          LDA XXECD8,X
     EC7C   85 03        2381          STA $03
                         2382   ;
     EC7E   A9 00        2383          LDA #$00 ;$0400 SCREEN
     EC80   85 04        2384          STA $04
     EC82   A9 04        2385          LDA #$04
.MAIN.  Commodore 6502ASM V072882    Page 2-49
   JUPITERLANDER.asm

Error Addr  Code          Seq   Source statement

     EC84   85 05        2386          STA $05
                         2387   ;
     EC86   A9 00        2388          LDA #$00 ;$D800 COLOR RAM
     EC88   85 06        2389          STA $06
     EC8A   A9 D8        2390          LDA #$D8
     EC8C   85 07        2391          STA $07
                         2392   ;
     EC8E   A0 00        2393          LDY #$00
     EC90   84 28        2394          STY $28
     EC92   A0 00        2395   XXEC92 LDY #$00
     EC94   84 29        2396          STY $29
     EC96   A4 28        2397   XXEC96 LDY $28
     EC98   B1 02        2398          LDA ($02),Y
     EC9A   D0 01        2399          BNE XXEC9D
     EC9C   60           2400          RTS
                         2401   ;********************************
     EC9D   AA           2402   XXEC9D TAX
     EC9E   C8           2403          INY
     EC9F   B1 02        2404          LDA ($02),Y
     ECA1   C8           2405          INY
     ECA2   84 28        2406          STY $28
     ECA4   D0 02        2407          BNE XXECA8
     ECA6   E6 03        2408          INC $03
     ECA8   A4 29        2409   XXECA8 LDY $29
     ECAA   91 04        2410   XXECAA STA ($04),Y
     ECAC   48           2411          PHA
     ECAD   C9 01        2412          CMP #$01
     ECAF   A9 02        2413          LDA #$02
     ECB1   B0 02        2414          BCS XXECB5
     ECB3   A9 03        2415          LDA #$03
     ECB5   91 06        2416   XXECB5 STA ($06),Y
     ECB7   68           2417          PLA
     ECB8   C0 25        2418          CPY #$25      ;'%'
     ECBA   F0 08        2419          BEQ XXECC4
     ECBC   C8           2420          INY
     ECBD   CA           2421          DEX
     ECBE   D0 EA        2422          BNE XXECAA
     ECC0   84 29        2423          STY $29
     ECC2   F0 D2        2424          BEQ XXEC96
     ECC4   A5 04        2425   XXECC4 LDA $04
     ECC6   69 27        2426          ADC #$27      ;'''
     ECC8   85 04        2427          STA $04
     ECCA   85 06        2428          STA $06
     ECCC   90 C4        2429          BCC XXEC92
     ECCE   E6 05        2430          INC $05
     ECD0   E6 07        2431          INC $07
     ECD2   B0 BE        2432          BCS XXEC92
                         2433   ;********************************
                         2434   ; POINTERS TO GRAPHIC DATA
                         2435   ; FOR MAIN GAME PLAY SCREEN
.MAIN.  Commodore 6502ASM V072882    Page 2-50
   JUPITERLANDER.asm

Error Addr  Code          Seq   Source statement

                         2436   ;********************************
     ECD4   B8           2437   XXECD4 .BYTE <XXEEB8 ;$B8 ;$EEB8
     ECD5   0D           2438          .BYTE <ZZF00D ;$0D ;$F00D
     ECD6   D2           2439          .BYTE <ZZF0D2 ;$D2 ;$F0D2
     ECD7   7B           2440          .BYTE <ZZF17B ;$7B ;$F17B
                         2441   ;********************************
                         2442   ;
                         2443   ;********************************
     ECD8   EE           2444   XXECD8 .BYTE >XXEEB8 ;$EE
     ECD9   F0           2445          .BYTE >ZZF00D ;$F0
     ECDA   F0           2446          .BYTE >ZZF0D2 ;$F0
     ECDB   F1           2447          .BYTE >ZZF17B ;$F1
                         2448   ;********************************
                         2449   ; COLOR RAM CODES FOR SCORE
                         2450   ; AND FUEL DISPLAY
                         2451   ; SCORE: 0 HI-SCORE: 0
                         2452   ; FUEL: XXXXXXXXXXXXXXXXXXXXX
                         2453   ;********************************
     ECDC                2454   XXECDC
                         2455    .LIB colorram.asm
                         2456   ;********************************
                         2457   ; XXECDC
                         2458   ;********************************
                         2459   ; COLOR RAM CODES FOR SCORE
                         2460   ; AND FULE DISPLAY
                         2461   ; SCORE: 0 HI-SCORE: 0
                         2462   ; FUEL: XXXXXXXXXXXXXXXXXXXXX
                         2463   ;********************************
     ECDC   05           2464          .BYTE $05
     ECDD   05           2465          .BYTE $05
     ECDE   05           2466          .BYTE $05
     ECDF   05           2467          .BYTE $05
     ECE0   05           2468          .BYTE $05
     ECE1   05           2469          .BYTE $05
     ECE2   05           2470          .BYTE $05
     ECE3   05           2471          .BYTE $05
     ECE4   01           2472          .BYTE $01
     ECE5   01           2473          .BYTE $01
     ECE6   01           2474          .BYTE $01
     ECE7   01           2475          .BYTE $01
     ECE8   01           2476          .BYTE $01
     ECE9   01           2477          .BYTE $01
     ECEA   01           2478          .BYTE $01
     ECEB   01           2479          .BYTE $01
     ECEC   01           2480          .BYTE $01
     ECED   04           2481          .BYTE $04
     ECEE   04           2482          .BYTE $04
     ECEF   04           2483          .BYTE $04
     ECF0   04           2484          .BYTE $04
     ECF1   04           2485          .BYTE $04
.MAIN.  Commodore 6502ASM V072882    Page 2-51
   COLORRAM.ASM

Error Addr  Code          Seq   Source statement

     ECF2   04           2486          .BYTE $04
     ECF3   04           2487          .BYTE $04
     ECF4   04           2488          .BYTE $04
     ECF5   04           2489          .BYTE $04
     ECF6   04           2490          .BYTE $04
     ECF7   01           2491          .BYTE $01
     ECF8   01           2492          .BYTE $01
     ECF9   01           2493          .BYTE $01
     ECFA   01           2494          .BYTE $01
     ECFB   01           2495          .BYTE $01
     ECFC   01           2496          .BYTE $01
     ECFD   01           2497          .BYTE $01
     ECFE   01           2498          .BYTE $01
     ECFF   01           2499          .BYTE $01
     ED00   01           2500          .BYTE $01
     ED01   01           2501          .BYTE $01
     ED02   01           2502          .BYTE $01
     ED03   01           2503          .BYTE $01
     ED04   07           2504          .BYTE $07
     ED05   07           2505          .BYTE $07
     ED06   07           2506          .BYTE $07
     ED07   07           2507          .BYTE $07
     ED08   07           2508          .BYTE $07
     ED09   07           2509          .BYTE $07
     ED0A   07           2510          .BYTE $07
     ED0B   06           2511          .BYTE $06
     ED0C   06           2512          .BYTE $06
     ED0D   06           2513          .BYTE $06
     ED0E   06           2514          .BYTE $06
     ED0F   06           2515          .BYTE $06
     ED10   06           2516          .BYTE $06
     ED11   06           2517          .BYTE $06
     ED12   06           2518          .BYTE $06
     ED13   06           2519          .BYTE $06
     ED14   06           2520          .BYTE $06
     ED15   06           2521          .BYTE $06
     ED16   06           2522          .BYTE $06
     ED17   06           2523          .BYTE $06
     ED18   06           2524          .BYTE $06
     ED19   06           2525          .BYTE $06
     ED1A   06           2526          .BYTE $06
     ED1B   06           2527          .BYTE $06
     ED1C   06           2528          .BYTE $06
     ED1D   06           2529          .BYTE $06
     ED1E   06           2530          .BYTE $06
     ED1F   06           2531          .BYTE $06
     ED20   06           2532          .BYTE $06
     ED21   06           2533          .BYTE $06
     ED22   06           2534          .BYTE $06
     ED23   06           2535          .BYTE $06
.MAIN.  Commodore 6502ASM V072882    Page 2-52
   COLORRAM.ASM

Error Addr  Code          Seq   Source statement

     ED24   06           2536          .BYTE $06
     ED25   06           2537          .BYTE $06
     ED26   06           2538          .BYTE $06
     ED27   06           2539          .BYTE $06
     ED28   06           2540          .BYTE $06
     ED29   06           2541          .BYTE $06
     ED2A   06           2542          .BYTE $06
     ED2B   06           2543          .BYTE $06
                         2544   ;********************************
                         2545   ; COLOR RAM CODES
                         2546   ;********************************
                         2547   ; TEXT FOR SCORE DISPLAY
                         2548   ; SCORE: 0 HI-SCORE: 0
                         2549   ;********************************
     ED2C   00           2550   XXED2C .BYTE $00
     ED2D   53           2551          .BYTE $53 ;'S'
     ED2E   43           2552          .BYTE $43 ;'C'
     ED2F   4F           2553          .BYTE $4F ;'O'
     ED30   52           2554          .BYTE $52 ;'R'
     ED31   45           2555          .BYTE $45 ;'E'
     ED32   00           2556          .BYTE $00
     ED33   3A           2557          .BYTE $3A ;':'
     ED34   00           2558          .BYTE $00
     ED35   00           2559          .BYTE $00
     ED36   00           2560          .BYTE $00
     ED37   00           2561          .BYTE $00
     ED38   00           2562          .BYTE $00
     ED39   30           2563          .BYTE $30 ;'0'
     ED3A   00           2564          .BYTE $00
     ED3B   00           2565          .BYTE $00
     ED3C   00           2566          .BYTE $00
     ED3D   00           2567          .BYTE $00
     ED3E   48           2568          .BYTE $48 ;'H'
     ED3F   49           2569          .BYTE $49 ;'I'
     ED40   5F           2570          .BYTE $5F ;'-'
     ED41   53           2571          .BYTE $53 ;'S'
     ED42   43           2572          .BYTE $43 ;'C'
     ED43   4F           2573          .BYTE $4F ;'O'
     ED44   52           2574          .BYTE $52 ;'R'
     ED45   45           2575          .BYTE $45 ;'E'
     ED46   00           2576          .BYTE $00
     ED47   3A           2577          .BYTE $3A ;':'
     ED48   00           2578          .BYTE $00
     ED49   00           2579          .BYTE $00
     ED4A   00           2580          .BYTE $00
     ED4B   00           2581          .BYTE $00
     ED4C   00           2582          .BYTE $00
     ED4D   30           2583          .BYTE $30 ;'0'
     ED4E   00           2584          .BYTE $00
     ED4F   00           2585          .BYTE $00
.MAIN.  Commodore 6502ASM V072882    Page 2-53
   JUPITERLANDER.asm

Error Addr  Code          Seq   Source statement

     ED50   00           2586          .BYTE $00
     ED51   00           2587          .BYTE $00
     ED52   00           2588          .BYTE $00
     ED53   00           2589          .BYTE $00
     ED54   00           2590          .BYTE $00
     ED55   46           2591          .BYTE $46 ;'F'
     ED56   55           2592          .BYTE $55 ;'U'
     ED57   45           2593          .BYTE $45 ;'E'
     ED58   4C           2594          .BYTE $4C ;'L'
     ED59   00           2595          .BYTE $00
     ED5A   3A           2596          .BYTE $3A ;':'
     ED5B   00           2597          .BYTE $00
     ED5C   00           2598          .BYTE $00
     ED5D   00           2599          .BYTE $00
     ED5E   00           2600          .BYTE $00
     ED5F   00           2601          .BYTE $00
     ED60   00           2602          .BYTE $00
     ED61   00           2603          .BYTE $00
     ED62   00           2604          .BYTE $00
     ED63   00           2605          .BYTE $00
     ED64   00           2606          .BYTE $00
     ED65   00           2607          .BYTE $00
     ED66   00           2608          .BYTE $00
     ED67   00           2609          .BYTE $00
     ED68   00           2610          .BYTE $00
     ED69   00           2611          .BYTE $00
     ED6A   00           2612          .BYTE $00
     ED6B   00           2613          .BYTE $00
     ED6C   00           2614          .BYTE $00
     ED6D   00           2615          .BYTE $00
     ED6E   00           2616          .BYTE $00
     ED6F   00           2617          .BYTE $00
     ED70   00           2618          .BYTE $00
     ED71   00           2619          .BYTE $00
     ED72   00           2620          .BYTE $00
     ED73   00           2621          .BYTE $00
     ED74   00           2622          .BYTE $00
     ED75   00           2623          .BYTE $00
     ED76   00           2624          .BYTE $00
     ED77   00           2625          .BYTE $00
     ED78   00           2626          .BYTE $00
     ED79   00           2627          .BYTE $00
     ED7A   00           2628          .BYTE $00
     ED7B   00           2629          .BYTE $00
                         2630   ;********************************
                         2631   ; SET POINTER TO COLOR RAM
                         2632   ;********************************
     ED7C   A9 00        2633   XXED7C LDA #$00
     ED7E   85 02        2634          STA $02
     ED80   A9 D8        2635          LDA #$D8
.MAIN.  Commodore 6502ASM V072882    Page 2-54
   JUPITERLANDER.asm

Error Addr  Code          Seq   Source statement

     ED82   85 03        2636          STA $03
     ED84   A0 4E        2637          LDY #$4E      ;'N'
     ED86   A9 01        2638          LDA #$01
     ED88   91 02        2639          STA ($02),Y
     ED8A   C8           2640          INY
     ED8B   91 02        2641          STA ($02),Y
     ED8D   A2 13        2642          LDX #$13 ;FUEL QTY
     ED8F   98           2643   XXED8F TYA
     ED90   18           2644          CLC
     ED91   69 28        2645          ADC #$28      ;'('
     ED93   A8           2646          TAY
     ED94   90 02        2647          BCC XXED98
     ED96   E6 03        2648          INC $03
     ED98   A9 05        2649   XXED98 LDA #$05
     ED9A   91 02        2650          STA ($02),Y
     ED9C   88           2651          DEY
     ED9D   A9 00        2652          LDA #$00
     ED9F   91 02        2653          STA ($02),Y
     EDA1   C8           2654          INY
     EDA2   CA           2655          DEX
     EDA3   D0 EA        2656          BNE XXED8F
                         2657   ;********************************
                         2658   ; DRAW VERTICAL VELOCITY GOAL AREA
                         2659   ;********************************
     EDA5   A9 07        2660          LDA #$07      ;#$07 = COLOR IS YELLOW
     EDA7   8D DA07      2661          STA $DA07
                         2662   ;
     EDAA   A2 4F        2663          LDX #$4F      ;'O'
     EDAC   BD ECDC      2664   XXEDAC LDA XXECDC,X
     EDAF   9D DB98      2665          STA $DB98,X   ;COLOR RAM LOCATION
     EDB2   CA           2666          DEX
     EDB3   10 F7        2667          BPL XXEDAC
                         2668   ;********************************
                         2669   ; DISPLAY TEXT FOR SCORE, HI-SCORE AND FUEL
                         2670   ;********************************
     EDB5   A2 4F        2671          LDX #$4F      ;'O'
     EDB7   BD ED2C      2672   XXEDB7 LDA XXED2C,X
     EDBA   9D 0798      2673          STA $0798,X   ;SCREEN LOCATION
     EDBD   CA           2674          DEX
     EDBE   10 F7        2675          BPL XXEDB7
                         2676   ;
     EDC0   A9 08        2677          LDA #$08  ;H
     EDC2   8D 044E      2678          STA $044E
     EDC5   A9 09        2679          LDA #$09  ;I
     EDC7   8D 044F      2680          STA $044F
     EDCA   A9 0A        2681          LDA #$0A  ;J
     EDCC   8D 049F      2682          STA $049F
                         2683   ;
     EDCF   A9 0B        2684          LDA #$0B  ;K
     EDD1   8D 0747      2685          STA $0747
.MAIN.  Commodore 6502ASM V072882    Page 2-55
   JUPITERLANDER.asm

Error Addr  Code          Seq   Source statement

                         2686   ;
     EDD4   A9 3E        2687          LDA #$3E      ;'>'
     EDD6   8D 04C6      2688          STA $04C6
     EDD9   A9 3B        2689          LDA #$3B      ;';'
     EDDB   8D 05DE      2690          STA $05DE
     EDDE   A9 3C        2691          LDA #$3C      ;'<'
     EDE0   8D 0606      2692          STA $0606
     EDE3   A9 3F        2693          LDA #$3F      ;'?'
     EDE5   8D 071E      2694          STA $071E
                         2695   ;********************************
                         2696   ; TICK MAKRS ON VERTICAL VELOCITY INDICATOR
                         2697   ; +/-0 AND -10
                         2698   ;********************************
     EDE8   A9 01        2699          LDA #$01      ;$01 COLOR = WHITE
     EDEA   8D D8C6      2700          STA $D8C6
     EDED   8D D9DE      2701          STA $D9DE
     EDF0   8D DA06      2702          STA $DA06
     EDF3   8D DB1E      2703          STA $DB1E
                         2704   ;********************************
                         2705   ; BLANK AREAS OF SCREEN AROUND
                         2706   ; VERTICAL VELOCITY METER
                         2707   ;********************************
     EDF6   A9 00        2708          LDA #$00
     EDF8   8D 0426      2709          STA $0426
     EDFB   8D 0427      2710          STA $0427
     EDFE   8D 0476      2711          STA $0476
     EE01   8D 0477      2712          STA $0477
     EE04   8D 049E      2713          STA $049E
     EE07   8D 04C6      2714          STA $04C6
     EE0A   8D 04EE      2715          STA $04EE
     EE0D   8D 0516      2716          STA $0516
     EE10   8D 053E      2717          STA $053E
     EE13   8D 0566      2718          STA $0566
     EE16   8D 058E      2719          STA $058E
     EE19   8D 05B6      2720          STA $05B6
     EE1C   8D 062E      2721          STA $062E
     EE1F   8D 0656      2722          STA $0656
     EE22   8D 067E      2723          STA $067E
     EE25   8D 06A6      2724          STA $06A6
     EE28   8D 06CE      2725          STA $06CE
     EE2B   8D 06F6      2726          STA $06F6
     EE2E   8D 0746      2727          STA $0746
     EE31   8D 076F      2728          STA $076F
     EE34   8D 076E      2729          STA $076E
     EE37   8D 0797      2730          STA $0797
     EE3A   8D 0796      2731          STA $0796
     EE3D   60           2732          RTS
                         2733   ;********************************
                         2734   ; DELAY SOME TIME OVER AND OVER
                         2735   ;********************************
.MAIN.  Commodore 6502ASM V072882    Page 2-56
   JUPITERLANDER.asm

Error Addr  Code          Seq   Source statement

                         2736   ;XXEE3E
     EE3E   20 EE45      2737   DELAY1 JSR DELAY0
     EE41   CA           2738          DEX
     EE42   D0 FA        2739          BNE DELAY1
     EE44   60           2740          RTS
                         2741   ;********************************
                         2742   ; DELAY SOME TIME
                         2743   ;********************************
     EE45   48           2744   DELAY0 PHA
     EE46   8A           2745          TXA
     EE47   48           2746          PHA
     EE48   98           2747          TYA
     EE49   48           2748          PHA
     EE4A   A2 0A        2749          LDX #$0A
     EE4C   A0 C8        2750   XXEE4C LDY #$C8
     EE4E   88           2751   XXEE4E DEY
     EE4F   D0 FD        2752          BNE XXEE4E
     EE51   CA           2753          DEX
     EE52   D0 F8        2754          BNE XXEE4C
     EE54   68           2755          PLA
     EE55   A8           2756          TAY
     EE56   68           2757          PLA
     EE57   AA           2758          TAX
     EE58   68           2759          PLA
     EE59   60           2760          RTS
                         2761   ;********************************
                         2762   ; DISPLAY SCORE
                         2763   ;********************************
     EE5A   A5 18        2764   XXEE5A LDA $18
     EE5C   A6 19        2765          LDX $19
     EE5E   A0 00        2766          LDY #$00
     EE60   84 26        2767          STY $26   ;SCORE
                         2768   ;
     EE62   20 EE6F      2769          JSR XXEE6F
                         2770   ;
     EE65   A5 1A        2771          LDA $1A
     EE67   A6 1B        2772          LDX $1B
                         2773   ;
     EE69   A0 00        2774          LDY #$00
     EE6B   84 26        2775          STY $26   ;SCORE
     EE6D   A0 14        2776          LDY #$14  ;VERTICAL VELOCITY
     EE6F   48           2777   XXEE6F PHA
     EE70   8A           2778          TXA
     EE71   20 EE75      2779          JSR XXEE75
     EE74   68           2780          PLA
     EE75   48           2781   XXEE75 PHA
     EE76   4A           2782          LSR A
     EE77   4A           2783          LSR A
     EE78   4A           2784          LSR A
     EE79   4A           2785          LSR A
.MAIN.  Commodore 6502ASM V072882    Page 2-57
   JUPITERLANDER.asm

Error Addr  Code          Seq   Source statement

     EE7A   20 EE7E      2786          JSR XXEE7E
     EE7D   68           2787          PLA
     EE7E   29 0F        2788   XXEE7E AND #$0F
     EE80   D0 04        2789          BNE XXEE86
     EE82   24 26        2790          BIT $26
     EE84   10 08        2791          BPL XXEE8E
                         2792   ;*******************************
                         2793   ; TRANSLATE SCORE TO SCREEN CODE
                         2794   ;*******************************
     EE86   38           2795   XXEE86 SEC
     EE87   66 26        2796          ROR $26
     EE89   09 30        2797          ORA #$30      ;'0'
     EE8B   99 07A1      2798          STA $07A1,Y   ;$07A1
     EE8E   C8           2799   XXEE8E INY
                         2800   ;
     EE8F   60           2801          RTS
                         2802   ;*******************************
                         2803   ; CHECK FUEL STATUS
                         2804   ;********************************
     EE90   A5 13        2805   XXEE90 LDA $13    ;FUEL QTY
     EE92   D0 18        2806          BNE XXEEAC
     EE94   A5 21        2807          LDA $21    ;FUEL STATUS
     EE96   D0 14        2808          BNE XXEEAC ;IF ZERO GOT FUEL
                         2809   ;*******************************
                         2810   ; DISPLAY OUT OF FUEL MESSAGE
                         2811   ;********************************
     EE98   A9 01        2812          LDA #$01           ;OUT OF FUEL FLAG
     EE9A   85 21        2813          STA $21            ;FUEL STATUS
     EE9C   A2 0A        2814          LDX #XXEEB8-XXEEAD-1 ;#$0A
     EE9E   BD EEAD      2815   XXEE9E LDA XXEEAD,X       ;MESSAGE
     EEA1   9D 07CE      2816          STA $07CE,X        ;SCREEN LOCATION
     EEA4   A9 0A        2817          LDA #$0A           ;$0A = LIGHT RED
     EEA6   9D DBCE      2818          STA $DBCE,X        ;COLOR RAM LOCATION
     EEA9   CA           2819          DEX                ;TEXT COUNTER
     EEAA   10 F2        2820          BPL XXEE9E         ;LOOP
     EEAC   60           2821   XXEEAC RTS                ;RETURN
                         2822   ;********************************
                         2823   ; OUT OF FUEL MESSAGE
                         2824   ;********************************
     EEAD   4F 55 54     2825   XXEEAD .BYTE 'OUT'
     EEB0   00           2826          .BYTE $00
     EEB1   4F 46        2827          .BYTE 'OF'
     EEB3   00           2828          .BYTE $00
     EEB4   46 55 45     2829          .BYTE 'FUEL'
     EEB7   4C 
                         2830   ;********************************
                         2831   ; GRAPHIC 0 DATA FOR SCREEN
                         2832   ; MAIN PLAY ACTION SCREEN
                         2833   ;********************************
     EEB8                2834   XXEEB8
.MAIN.  Commodore 6502ASM V072882    Page 2-58
   GRAPHIC0.ASM

Error Addr  Code          Seq   Source statement

                         2835    .LIB graphic0.asm
                         2836   ;********************************
                         2837   ; XXEEB8 GRAPHIC DATA FOR SCREEN
                         2838   ; MAIN PLAY ACTION SCREEN
                         2839   ;********************************
     EEB8   01           2840          .BYTE $01
     EEB9   21           2841          .BYTE $21
     EEBA   24           2842          .BYTE $24
     EEBB   00           2843          .BYTE $00
     EEBC   01           2844          .BYTE $01
     EEBD   25           2845          .BYTE $25
     EEBE   01           2846          .BYTE $01
     EEBF   22           2847          .BYTE $22
     EEC0   24           2848          .BYTE $24
     EEC1   00           2849          .BYTE $00
     EEC2   01           2850          .BYTE $01
     EEC3   26           2851          .BYTE $26
     EEC4   01           2852          .BYTE $01
     EEC5   23           2853          .BYTE $23
     EEC6   23           2854          .BYTE $23
     EEC7   00           2855          .BYTE $00
     EEC8   01           2856          .BYTE $01
     EEC9   25           2857          .BYTE $25
     EECA   01           2858          .BYTE $01
     EECB   01           2859          .BYTE $01
     EECC   01           2860          .BYTE $01
     EECD   01           2861          .BYTE $01
     EECE   01           2862          .BYTE $01
     EECF   21           2863          .BYTE $21
     EED0   22           2864          .BYTE $22
     EED1   00           2865          .BYTE $00
     EED2   01           2866          .BYTE $01
     EED3   26           2867          .BYTE $26
     EED4   01           2868          .BYTE $01
     EED5   01           2869          .BYTE $01
     EED6   01           2870          .BYTE $01
     EED7   01           2871          .BYTE $01
     EED8   01           2872          .BYTE $01
     EED9   22           2873          .BYTE $22
     EEDA   21           2874          .BYTE $21
     EEDB   00           2875          .BYTE $00
     EEDC   01           2876          .BYTE $01
     EEDD   24           2877          .BYTE $24
     EEDE   02           2878          .BYTE $02
     EEDF   01           2879          .BYTE $01
     EEE0   02           2880          .BYTE $02
     EEE1   01           2881          .BYTE $01
     EEE2   01           2882          .BYTE $01
     EEE3   20           2883          .BYTE $20
     EEE4   1F           2884          .BYTE $1F
.MAIN.  Commodore 6502ASM V072882    Page 2-59
   GRAPHIC0.ASM

Error Addr  Code          Seq   Source statement

     EEE5   00           2885          .BYTE $00
     EEE6   01           2886          .BYTE $01
     EEE7   24           2887          .BYTE $24
     EEE8   03           2888          .BYTE $03
     EEE9   01           2889          .BYTE $01
     EEEA   03           2890          .BYTE $03
     EEEB   01           2891          .BYTE $01
     EEEC   01           2892          .BYTE $01
     EEED   20           2893          .BYTE $20
     EEEE   0E           2894          .BYTE $0E
     EEEF   00           2895          .BYTE $00
     EEF0   01           2896          .BYTE $01
     EEF1   24           2897          .BYTE $24
     EEF2   06           2898          .BYTE $06
     EEF3   07           2899          .BYTE $07
     EEF4   01           2900          .BYTE $01
     EEF5   20           2901          .BYTE $20
     EEF6   07           2902          .BYTE $07
     EEF7   00           2903          .BYTE $00
     EEF8   01           2904          .BYTE $01
     EEF9   25           2905          .BYTE $25
     EEFA   04           2906          .BYTE $04
     EEFB   01           2907          .BYTE $01
     EEFC   04           2908          .BYTE $04
     EEFD   01           2909          .BYTE $01
     EEFE   01           2910          .BYTE $01
     EEFF   20           2911          .BYTE $20
     EF00   0C           2912          .BYTE $0C
     EF01   00           2913          .BYTE $00
     EF02   01           2914          .BYTE $01
     EF03   24           2915          .BYTE $24
     EF04   03           2916          .BYTE $03
     EF05   01           2917          .BYTE $01
     EF06   01           2918          .BYTE $01
     EF07   02           2919          .BYTE $02
     EF08   01           2920          .BYTE $01
     EF09   03           2921          .BYTE $03
     EF0A   03           2922          .BYTE $03
     EF0B   01           2923          .BYTE $01
     EF0C   01           2924          .BYTE $01
     EF0D   20           2925          .BYTE $20
     EF0E   06           2926          .BYTE $06
     EF0F   00           2927          .BYTE $00
     EF10   01           2928          .BYTE $01
     EF11   2B           2929          .BYTE $2B
     EF12   04           2930          .BYTE $04
     EF13   01           2931          .BYTE $01
     EF14   05           2932          .BYTE $05
     EF15   01           2933          .BYTE $01
     EF16   01           2934          .BYTE $01
.MAIN.  Commodore 6502ASM V072882    Page 2-60
   GRAPHIC0.ASM

Error Addr  Code          Seq   Source statement

     EF17   20           2935          .BYTE $20
     EF18   0A           2936          .BYTE $0A
     EF19   00           2937          .BYTE $00
     EF1A   01           2938          .BYTE $01
     EF1B   24           2939          .BYTE $24
     EF1C   0A           2940          .BYTE $0A
     EF1D   01           2941          .BYTE $01
     EF1E   01           2942          .BYTE $01
     EF1F   20           2943          .BYTE $20
     EF20   05           2944          .BYTE $05
     EF21   00           2945          .BYTE $00
     EF22   01           2946          .BYTE $01
     EF23   2B           2947          .BYTE $2B
     EF24   04           2948          .BYTE $04
     EF25   01           2949          .BYTE $01
     EF26   06           2950          .BYTE $06
     EF27   01           2951          .BYTE $01
     EF28   01           2952          .BYTE $01
     EF29   20           2953          .BYTE $20
     EF2A   08           2954          .BYTE $08
     EF2B   00           2955          .BYTE $00
     EF2C   01           2956          .BYTE $01
     EF2D   24           2957          .BYTE $24
     EF2E   0C           2958          .BYTE $0C
     EF2F   01           2959          .BYTE $01
     EF30   01           2960          .BYTE $01
     EF31   20           2961          .BYTE $20
     EF32   04           2962          .BYTE $04
     EF33   00           2963          .BYTE $00
     EF34   01           2964          .BYTE $01
     EF35   2D           2965          .BYTE $2D
     EF36   04           2966          .BYTE $04
     EF37   01           2967          .BYTE $01
     EF38   07           2968          .BYTE $07
     EF39   01           2969          .BYTE $01
     EF3A   01           2970          .BYTE $01
     EF3B   20           2971          .BYTE $20
     EF3C   06           2972          .BYTE $06
     EF3D   00           2973          .BYTE $00
     EF3E   01           2974          .BYTE $01
     EF3F   24           2975          .BYTE $24
     EF40   0E           2976          .BYTE $0E
     EF41   01           2977          .BYTE $01
     EF42   01           2978          .BYTE $01
     EF43   21           2979          .BYTE $21
     EF44   04           2980          .BYTE $04
     EF45   00           2981          .BYTE $00
     EF46   01           2982          .BYTE $01
     EF47   2F           2983          .BYTE $2F
     EF48   03           2984          .BYTE $03
.MAIN.  Commodore 6502ASM V072882    Page 2-61
   GRAPHIC0.ASM

Error Addr  Code          Seq   Source statement

     EF49   01           2985          .BYTE $01
     EF4A   08           2986          .BYTE $08
     EF4B   01           2987          .BYTE $01
     EF4C   01           2988          .BYTE $01
     EF4D   21           2989          .BYTE $21
     EF4E   04           2990          .BYTE $04
     EF4F   00           2991          .BYTE $00
     EF50   01           2992          .BYTE $01
     EF51   25           2993          .BYTE $25
     EF52   0F           2994          .BYTE $0F
     EF53   01           2995          .BYTE $01
     EF54   01           2996          .BYTE $01
     EF55   22           2997          .BYTE $22
     EF56   04           2998          .BYTE $04
     EF57   00           2999          .BYTE $00
     EF58   01           3000          .BYTE $01
     EF59   2F           3001          .BYTE $2F
     EF5A   03           3002          .BYTE $03
     EF5B   01           3003          .BYTE $01
     EF5C   08           3004          .BYTE $08
     EF5D   01           3005          .BYTE $01
     EF5E   01           3006          .BYTE $01
     EF5F   22           3007          .BYTE $22
     EF60   04           3008          .BYTE $04
     EF61   00           3009          .BYTE $00
     EF62   01           3010          .BYTE $01
     EF63   2B           3011          .BYTE $2B
     EF64   0F           3012          .BYTE $0F
     EF65   01           3013          .BYTE $01
     EF66   01           3014          .BYTE $01
     EF67   23           3015          .BYTE $23
     EF68   04           3016          .BYTE $04
     EF69   00           3017          .BYTE $00
     EF6A   01           3018          .BYTE $01
     EF6B   2F           3019          .BYTE $2F
     EF6C   03           3020          .BYTE $03
     EF6D   01           3021          .BYTE $01
     EF6E   08           3022          .BYTE $08
     EF6F   01           3023          .BYTE $01
     EF70   01           3024          .BYTE $01
     EF71   23           3025          .BYTE $23
     EF72   04           3026          .BYTE $04
     EF73   00           3027          .BYTE $00
     EF74   01           3028          .BYTE $01
     EF75   2D           3029          .BYTE $2D
     EF76   0F           3030          .BYTE $0F
     EF77   01           3031          .BYTE $01
     EF78   01           3032          .BYTE $01
     EF79   2A           3033          .BYTE $2A
     EF7A   03           3034          .BYTE $03
.MAIN.  Commodore 6502ASM V072882    Page 2-62
   GRAPHIC0.ASM

Error Addr  Code          Seq   Source statement

     EF7B   00           3035          .BYTE $00
     EF7C   01           3036          .BYTE $01
     EF7D   25           3037          .BYTE $25
     EF7E   04           3038          .BYTE $04
     EF7F   01           3039          .BYTE $01
     EF80   08           3040          .BYTE $08
     EF81   01           3041          .BYTE $01
     EF82   01           3042          .BYTE $01
     EF83   2A           3043          .BYTE $2A
     EF84   05           3044          .BYTE $05
     EF85   00           3045          .BYTE $00
     EF86   01           3046          .BYTE $01
     EF87   2C           3047          .BYTE $2C
     EF88   0E           3048          .BYTE $0E
     EF89   01           3049          .BYTE $01
     EF8A   01           3050          .BYTE $01
     EF8B   29           3051          .BYTE $29
     EF8C   03           3052          .BYTE $03
     EF8D   00           3053          .BYTE $00
     EF8E   01           3054          .BYTE $01
     EF8F   2B           3055          .BYTE $2B
     EF90   04           3056          .BYTE $04
     EF91   01           3057          .BYTE $01
     EF92   08           3058          .BYTE $08
     EF93   01           3059          .BYTE $01
     EF94   01           3060          .BYTE $01
     EF95   29           3061          .BYTE $29
     EF96   06           3062          .BYTE $06
     EF97   00           3063          .BYTE $00
     EF98   01           3064          .BYTE $01
     EF99   2F           3065          .BYTE $2F
     EF9A   0C           3066          .BYTE $0C
     EF9B   01           3067          .BYTE $01
     EF9C   01           3068          .BYTE $01
     EF9D   28           3069          .BYTE $28
     EF9E   04           3070          .BYTE $04
     EF9F   00           3071          .BYTE $00
     EFA0   01           3072          .BYTE $01
     EFA1   2B           3073          .BYTE $2B
     EFA2   04           3074          .BYTE $04
     EFA3   01           3075          .BYTE $01
     EFA4   07           3076          .BYTE $07
     EFA5   01           3077          .BYTE $01
     EFA6   01           3078          .BYTE $01
     EFA7   23           3079          .BYTE $23
     EFA8   07           3080          .BYTE $07
     EFA9   00           3081          .BYTE $00
     EFAA   01           3082          .BYTE $01
     EFAB   2F           3083          .BYTE $2F
     EFAC   04           3084          .BYTE $04
.MAIN.  Commodore 6502ASM V072882    Page 2-63
   GRAPHIC0.ASM

Error Addr  Code          Seq   Source statement

     EFAD   01           3085          .BYTE $01
     EFAE   01           3086          .BYTE $01
     EFAF   0C           3087          .BYTE $0C
     EFB0   01           3088          .BYTE $01
     EFB1   0D           3089          .BYTE $0D
     EFB2   05           3090          .BYTE $05
     EFB3   01           3091          .BYTE $01
     EFB4   01           3092          .BYTE $01
     EFB5   28           3093          .BYTE $28
     EFB6   05           3094          .BYTE $05
     EFB7   00           3095          .BYTE $00
     EFB8   01           3096          .BYTE $01
     EFB9   26           3097          .BYTE $26
     EFBA   04           3098          .BYTE $04
     EFBB   01           3099          .BYTE $01
     EFBC   07           3100          .BYTE $07
     EFBD   01           3101          .BYTE $01
     EFBE   01           3102          .BYTE $01
     EFBF   23           3103          .BYTE $23
     EFC0   06           3104          .BYTE $06
     EFC1   00           3105          .BYTE $00
     EFC2   01           3106          .BYTE $01
     EFC3   25           3107          .BYTE $25
     EFC4   05           3108          .BYTE $05
     EFC5   01           3109          .BYTE $01
     EFC6   01           3110          .BYTE $01
     EFC7   0E           3111          .BYTE $0E
     EFC8   01           3112          .BYTE $01
     EFC9   0F           3113          .BYTE $0F
     EFCA   04           3114          .BYTE $04
     EFCB   01           3115          .BYTE $01
     EFCC   01           3116          .BYTE $01
     EFCD   23           3117          .BYTE $23
     EFCE   05           3118          .BYTE $05
     EFCF   00           3119          .BYTE $00
     EFD0   01           3120          .BYTE $01
     EFD1   25           3121          .BYTE $25
     EFD2   05           3122          .BYTE $05
     EFD3   01           3123          .BYTE $01
     EFD4   07           3124          .BYTE $07
     EFD5   01           3125          .BYTE $01
     EFD6   01           3126          .BYTE $01
     EFD7   23           3127          .BYTE $23
     EFD8   06           3128          .BYTE $06
     EFD9   00           3129          .BYTE $00
     EFDA   01           3130          .BYTE $01
     EFDB   26           3131          .BYTE $26
     EFDC   0B           3132          .BYTE $0B
     EFDD   01           3133          .BYTE $01
     EFDE   01           3134          .BYTE $01
.MAIN.  Commodore 6502ASM V072882    Page 2-64
   GRAPHIC0.ASM

Error Addr  Code          Seq   Source statement

     EFDF   23           3135          .BYTE $23
     EFE0   05           3136          .BYTE $05
     EFE1   00           3137          .BYTE $00
     EFE2   01           3138          .BYTE $01
     EFE3   2B           3139          .BYTE $2B
     EFE4   05           3140          .BYTE $05
     EFE5   01           3141          .BYTE $01
     EFE6   08           3142          .BYTE $08
     EFE7   01           3143          .BYTE $01
     EFE8   06           3144          .BYTE $06
     EFE9   07           3145          .BYTE $07
     EFEA   0C           3146          .BYTE $0C
     EFEB   01           3147          .BYTE $01
     EFEC   01           3148          .BYTE $01
     EFED   23           3149          .BYTE $23
     EFEE   05           3150          .BYTE $05
     EFEF   00           3151          .BYTE $00
     EFF0   01           3152          .BYTE $01
     EFF1   26           3153          .BYTE $26
     EFF2   05           3154          .BYTE $05
     EFF3   01           3155          .BYTE $01
     EFF4   0A           3156          .BYTE $0A
     EFF5   01           3157          .BYTE $01
     EFF6   01           3158          .BYTE $01
     EFF7   02           3159          .BYTE $02
     EFF8   01           3160          .BYTE $01
     EFF9   04           3161          .BYTE $04
     EFFA   0F           3162          .BYTE $0F
     EFFB   01           3163          .BYTE $01
     EFFC   05           3164          .BYTE $05
     EFFD   07           3165          .BYTE $07
     EFFE   06           3166          .BYTE $06
     EFFF   01           3167          .BYTE $01
     F000   1C           3168          .BYTE $1C
     F001   01           3169          .BYTE $01
     F002   01           3170          .BYTE $01
     F003   02           3171          .BYTE $02
     F004   01           3172          .BYTE $01
     F005   05           3173          .BYTE $05
     F006   01           3174          .BYTE $01
     F007   06           3175          .BYTE $06
     F008   07           3176          .BYTE $07
     F009   01           3177          .BYTE $01
     F00A   26           3178          .BYTE $26
     F00B   01           3179          .BYTE $01
     F00C   00           3180          .BYTE $00
                         3181   ;********************************
                         3182   ;
                         3183   ;********************************
     F00D   0C           3184   ZZF00D .BYTE $0C
.MAIN.  Commodore 6502ASM V072882    Page 2-65
   GRAPHIC0.ASM

Error Addr  Code          Seq   Source statement

     F00E   01           3185          .BYTE $01
     F00F   01           3186          .BYTE $01
     F010   21           3187          .BYTE $21
     F011   0A           3188          .BYTE $0A
     F012   00           3189          .BYTE $00
     F013   01           3190          .BYTE $01
     F014   25           3191          .BYTE $25
     F015   0E           3192          .BYTE $0E
     F016   01           3193          .BYTE $01
     F017   0C           3194          .BYTE $0C
     F018   01           3195          .BYTE $01
     F019   01           3196          .BYTE $01
     F01A   22           3197          .BYTE $22
     F01B   0A           3198          .BYTE $0A
     F01C   00           3199          .BYTE $00
     F01D   01           3200          .BYTE $01
     F01E   26           3201          .BYTE $26
     F01F   0E           3202          .BYTE $0E
     F020   01           3203          .BYTE $01
     F021   0D           3204          .BYTE $0D
     F022   01           3205          .BYTE $01
     F023   01           3206          .BYTE $01
     F024   21           3207          .BYTE $21
     F025   09           3208          .BYTE $09
     F026   00           3209          .BYTE $00
     F027   01           3210          .BYTE $01
     F028   2F           3211          .BYTE $2F
     F029   0E           3212          .BYTE $0E
     F02A   01           3213          .BYTE $01
     F02B   0D           3214          .BYTE $0D
     F02C   01           3215          .BYTE $01
     F02D   01           3216          .BYTE $01
     F02E   22           3217          .BYTE $22
     F02F   09           3218          .BYTE $09
     F030   00           3219          .BYTE $00
     F031   01           3220          .BYTE $01
     F032   2F           3221          .BYTE $2F
     F033   0E           3222          .BYTE $0E
     F034   01           3223          .BYTE $01
     F035   0D           3224          .BYTE $0D
     F036   01           3225          .BYTE $01
     F037   01           3226          .BYTE $01
     F038   23           3227          .BYTE $23
     F039   09           3228          .BYTE $09
     F03A   00           3229          .BYTE $00
     F03B   01           3230          .BYTE $01
     F03C   2E           3231          .BYTE $2E
     F03D   0E           3232          .BYTE $0E
     F03E   01           3233          .BYTE $01
     F03F   0D           3234          .BYTE $0D
.MAIN.  Commodore 6502ASM V072882    Page 2-66
   GRAPHIC0.ASM

Error Addr  Code          Seq   Source statement

     F040   01           3235          .BYTE $01
     F041   01           3236          .BYTE $01
     F042   23           3237          .BYTE $23
     F043   09           3238          .BYTE $09
     F044   00           3239          .BYTE $00
     F045   01           3240          .BYTE $01
     F046   2D           3241          .BYTE $2D
     F047   0E           3242          .BYTE $0E
     F048   01           3243          .BYTE $01
     F049   0D           3244          .BYTE $0D
     F04A   01           3245          .BYTE $01
     F04B   01           3246          .BYTE $01
     F04C   2A           3247          .BYTE $2A
     F04D   0A           3248          .BYTE $0A
     F04E   00           3249          .BYTE $00
     F04F   01           3250          .BYTE $01
     F050   2C           3251          .BYTE $2C
     F051   0D           3252          .BYTE $0D
     F052   01           3253          .BYTE $01
     F053   0D           3254          .BYTE $0D
     F054   01           3255          .BYTE $01
     F055   01           3256          .BYTE $01
     F056   29           3257          .BYTE $29
     F057   0B           3258          .BYTE $0B
     F058   00           3259          .BYTE $00
     F059   01           3260          .BYTE $01
     F05A   2C           3261          .BYTE $2C
     F05B   0C           3262          .BYTE $0C
     F05C   01           3263          .BYTE $01
     F05D   0C           3264          .BYTE $0C
     F05E   01           3265          .BYTE $01
     F05F   01           3266          .BYTE $01
     F060   2A           3267          .BYTE $2A
     F061   0D           3268          .BYTE $0D
     F062   00           3269          .BYTE $00
     F063   01           3270          .BYTE $01
     F064   2F           3271          .BYTE $2F
     F065   0B           3272          .BYTE $0B
     F066   01           3273          .BYTE $01
     F067   0C           3274          .BYTE $0C
     F068   01           3275          .BYTE $01
     F069   01           3276          .BYTE $01
     F06A   29           3277          .BYTE $29
     F06B   0D           3278          .BYTE $0D
     F06C   00           3279          .BYTE $00
     F06D   01           3280          .BYTE $01
     F06E   2F           3281          .BYTE $2F
     F06F   0B           3282          .BYTE $0B
     F070   01           3283          .BYTE $01
     F071   0B           3284          .BYTE $0B
.MAIN.  Commodore 6502ASM V072882    Page 2-67
   GRAPHIC0.ASM

Error Addr  Code          Seq   Source statement

     F072   01           3285          .BYTE $01
     F073   01           3286          .BYTE $01
     F074   23           3287          .BYTE $23
     F075   0E           3288          .BYTE $0E
     F076   00           3289          .BYTE $00
     F077   01           3290          .BYTE $01
     F078   2F           3291          .BYTE $2F
     F079   0B           3292          .BYTE $0B
     F07A   01           3293          .BYTE $01
     F07B   0B           3294          .BYTE $0B
     F07C   01           3295          .BYTE $01
     F07D   01           3296          .BYTE $01
     F07E   23           3297          .BYTE $23
     F07F   0E           3298          .BYTE $0E
     F080   00           3299          .BYTE $00
     F081   01           3300          .BYTE $01
     F082   2F           3301          .BYTE $2F
     F083   0B           3302          .BYTE $0B
     F084   01           3303          .BYTE $01
     F085   0B           3304          .BYTE $0B
     F086   01           3305          .BYTE $01
     F087   01           3306          .BYTE $01
     F088   23           3307          .BYTE $23
     F089   0D           3308          .BYTE $0D
     F08A   00           3309          .BYTE $00
     F08B   01           3310          .BYTE $01
     F08C   25           3311          .BYTE $25
     F08D   0C           3312          .BYTE $0C
     F08E   01           3313          .BYTE $01
     F08F   0B           3314          .BYTE $0B
     F090   01           3315          .BYTE $01
     F091   01           3316          .BYTE $01
     F092   23           3317          .BYTE $23
     F093   0D           3318          .BYTE $0D
     F094   00           3319          .BYTE $00
     F095   01           3320          .BYTE $01
     F096   26           3321          .BYTE $26
     F097   0C           3322          .BYTE $0C
     F098   01           3323          .BYTE $01
     F099   0B           3324          .BYTE $0B
     F09A   01           3325          .BYTE $01
     F09B   01           3326          .BYTE $01
     F09C   23           3327          .BYTE $23
     F09D   0C           3328          .BYTE $0C
     F09E   00           3329          .BYTE $00
     F09F   01           3330          .BYTE $01
     F0A0   25           3331          .BYTE $25
     F0A1   0D           3332          .BYTE $0D
     F0A2   01           3333          .BYTE $01
     F0A3   0B           3334          .BYTE $0B
.MAIN.  Commodore 6502ASM V072882    Page 2-68
   GRAPHIC0.ASM

Error Addr  Code          Seq   Source statement

     F0A4   01           3335          .BYTE $01
     F0A5   01           3336          .BYTE $01
     F0A6   23           3337          .BYTE $23
     F0A7   0C           3338          .BYTE $0C
     F0A8   00           3339          .BYTE $00
     F0A9   01           3340          .BYTE $01
     F0AA   26           3341          .BYTE $26
     F0AB   0D           3342          .BYTE $0D
     F0AC   01           3343          .BYTE $01
     F0AD   0C           3344          .BYTE $0C
     F0AE   01           3345          .BYTE $01
     F0AF   0C           3346          .BYTE $0C
     F0B0   07           3347          .BYTE $07
     F0B1   0E           3348          .BYTE $0E
     F0B2   01           3349          .BYTE $01
     F0B3   26           3350          .BYTE $26
     F0B4   01           3351          .BYTE $01
     F0B5   11           3352          .BYTE $11
     F0B6   01           3353          .BYTE $01
     F0B7   01           3354          .BYTE $01
     F0B8   02           3355          .BYTE $02
     F0B9   01           3356          .BYTE $01
     F0BA   04           3357          .BYTE $04
     F0BB   13           3358          .BYTE $13
     F0BC   01           3359          .BYTE $01
     F0BD   1D           3360          .BYTE $1D
     F0BE   01           3361          .BYTE $01
     F0BF   01           3362          .BYTE $01
     F0C0   0C           3363          .BYTE $0C
     F0C1   01           3364          .BYTE $01
     F0C2   0D           3365          .BYTE $0D
     F0C3   07           3366          .BYTE $07
     F0C4   01           3367          .BYTE $01
     F0C5   1D           3368          .BYTE $1D
     F0C6   01           3369          .BYTE $01
     F0C7   01           3370          .BYTE $01
     F0C8   0E           3371          .BYTE $0E
     F0C9   01           3372          .BYTE $01
     F0CA   0F           3373          .BYTE $0F
     F0CB   07           3374          .BYTE $07
     F0CC   01           3375          .BYTE $01
     F0CD   26           3376          .BYTE $26
     F0CE   01           3377          .BYTE $01
     F0CF   26           3378          .BYTE $26
     F0D0   01           3379          .BYTE $01
     F0D1   00           3380          .BYTE $00
                         3381   ;********************************
                         3382   ;
                         3383   ;********************************
     F0D2   26           3384   ZZF0D2 .BYTE $26
.MAIN.  Commodore 6502ASM V072882    Page 2-69
   GRAPHIC0.ASM

Error Addr  Code          Seq   Source statement

     F0D3   00           3385          .BYTE $00
     F0D4   26           3386          .BYTE $26
     F0D5   00           3387          .BYTE $00
     F0D6   26           3388          .BYTE $26
     F0D7   00           3389          .BYTE $00
     F0D8   26           3390          .BYTE $26
     F0D9   00           3391          .BYTE $00
     F0DA   26           3392          .BYTE $26
     F0DB   00           3393          .BYTE $00
     F0DC   26           3394          .BYTE $26
     F0DD   00           3395          .BYTE $00
     F0DE   26           3396          .BYTE $26
     F0DF   00           3397          .BYTE $00
     F0E0   26           3398          .BYTE $26
     F0E1   00           3399          .BYTE $00
     F0E2   26           3400          .BYTE $26
     F0E3   00           3401          .BYTE $00
     F0E4   26           3402          .BYTE $26
     F0E5   00           3403          .BYTE $00
     F0E6   0B           3404          .BYTE $0B
     F0E7   00           3405          .BYTE $00
     F0E8   01           3406          .BYTE $01
     F0E9   24           3407          .BYTE $24
     F0EA   0C           3408          .BYTE $0C
     F0EB   07           3409          .BYTE $07
     F0EC   01           3410          .BYTE $01
     F0ED   20           3411          .BYTE $20
     F0EE   0D           3412          .BYTE $0D
     F0EF   00           3413          .BYTE $00
     F0F0   0A           3414          .BYTE $0A
     F0F1   00           3415          .BYTE $00
     F0F2   01           3416          .BYTE $01
     F0F3   24           3417          .BYTE $24
     F0F4   0E           3418          .BYTE $0E
     F0F5   01           3419          .BYTE $01
     F0F6   01           3420          .BYTE $01
     F0F7   20           3421          .BYTE $20
     F0F8   0C           3422          .BYTE $0C
     F0F9   00           3423          .BYTE $00
     F0FA   09           3424          .BYTE $09
     F0FB   00           3425          .BYTE $00
     F0FC   01           3426          .BYTE $01
     F0FD   24           3427          .BYTE $24
     F0FE   07           3428          .BYTE $07
     F0FF   01           3429          .BYTE $01
     F100   01           3430          .BYTE $01
     F101   02           3431          .BYTE $02
     F102   01           3432          .BYTE $01
     F103   03           3433          .BYTE $03
     F104   07           3434          .BYTE $07
.MAIN.  Commodore 6502ASM V072882    Page 2-70
   GRAPHIC0.ASM

Error Addr  Code          Seq   Source statement

     F105   01           3435          .BYTE $01
     F106   01           3436          .BYTE $01
     F107   20           3437          .BYTE $20
     F108   0B           3438          .BYTE $0B
     F109   00           3439          .BYTE $00
     F10A   08           3440          .BYTE $08
     F10B   00           3441          .BYTE $00
     F10C   01           3442          .BYTE $01
     F10D   24           3443          .BYTE $24
     F10E   12           3444          .BYTE $12
     F10F   01           3445          .BYTE $01
     F110   01           3446          .BYTE $01
     F111   20           3447          .BYTE $20
     F112   0A           3448          .BYTE $0A
     F113   00           3449          .BYTE $00
     F114   07           3450          .BYTE $07
     F115   00           3451          .BYTE $00
     F116   01           3452          .BYTE $01
     F117   24           3453          .BYTE $24
     F118   14           3454          .BYTE $14
     F119   01           3455          .BYTE $01
     F11A   01           3456          .BYTE $01
     F11B   20           3457          .BYTE $20
     F11C   09           3458          .BYTE $09
     F11D   00           3459          .BYTE $00
     F11E   06           3460          .BYTE $06
     F11F   00           3461          .BYTE $00
     F120   01           3462          .BYTE $01
     F121   24           3463          .BYTE $24
     F122   16           3464          .BYTE $16
     F123   01           3465          .BYTE $01
     F124   01           3466          .BYTE $01
     F125   20           3467          .BYTE $20
     F126   08           3468          .BYTE $08
     F127   00           3469          .BYTE $00
     F128   05           3470          .BYTE $05
     F129   00           3471          .BYTE $00
     F12A   01           3472          .BYTE $01
     F12B   24           3473          .BYTE $24
     F12C   18           3474          .BYTE $18
     F12D   01           3475          .BYTE $01
     F12E   01           3476          .BYTE $01
     F12F   20           3477          .BYTE $20
     F130   07           3478          .BYTE $07
     F131   00           3479          .BYTE $00
     F132   04           3480          .BYTE $04
     F133   00           3481          .BYTE $00
     F134   01           3482          .BYTE $01
     F135   24           3483          .BYTE $24
     F136   1A           3484          .BYTE $1A
.MAIN.  Commodore 6502ASM V072882    Page 2-71
   GRAPHIC0.ASM

Error Addr  Code          Seq   Source statement

     F137   01           3485          .BYTE $01
     F138   01           3486          .BYTE $01
     F139   20           3487          .BYTE $20
     F13A   06           3488          .BYTE $06
     F13B   00           3489          .BYTE $00
     F13C   03           3490          .BYTE $03
     F13D   00           3491          .BYTE $00
     F13E   01           3492          .BYTE $01
     F13F   24           3493          .BYTE $24
     F140   1C           3494          .BYTE $1C
     F141   01           3495          .BYTE $01
     F142   01           3496          .BYTE $01
     F143   21           3497          .BYTE $21
     F144   05           3498          .BYTE $05
     F145   00           3499          .BYTE $00
     F146   02           3500          .BYTE $02
     F147   00           3501          .BYTE $00
     F148   01           3502          .BYTE $01
     F149   24           3503          .BYTE $24
     F14A   0A           3504          .BYTE $0A
     F14B   01           3505          .BYTE $01
     F14C   01           3506          .BYTE $01
     F14D   0C           3507          .BYTE $0C
     F14E   01           3508          .BYTE $01
     F14F   0D           3509          .BYTE $0D
     F150   11           3510          .BYTE $11
     F151   01           3511          .BYTE $01
     F152   01           3512          .BYTE $01
     F153   22           3513          .BYTE $22
     F154   05           3514          .BYTE $05
     F155   00           3515          .BYTE $00
     F156   01           3516          .BYTE $01
     F157   00           3517          .BYTE $00
     F158   01           3518          .BYTE $01
     F159   25           3519          .BYTE $25
     F15A   0B           3520          .BYTE $0B
     F15B   01           3521          .BYTE $01
     F15C   01           3522          .BYTE $01
     F15D   0E           3523          .BYTE $0E
     F15E   01           3524          .BYTE $01
     F15F   0F           3525          .BYTE $0F
     F160   12           3526          .BYTE $12
     F161   01           3527          .BYTE $01
     F162   01           3528          .BYTE $01
     F163   21           3529          .BYTE $21
     F164   04           3530          .BYTE $04
     F165   00           3531          .BYTE $00
     F166   01           3532          .BYTE $01
     F167   00           3533          .BYTE $00
     F168   01           3534          .BYTE $01
.MAIN.  Commodore 6502ASM V072882    Page 2-72
   GRAPHIC0.ASM

Error Addr  Code          Seq   Source statement

     F169   26           3535          .BYTE $26
     F16A   1F           3536          .BYTE $1F
     F16B   01           3537          .BYTE $01
     F16C   01           3538          .BYTE $01
     F16D   22           3539          .BYTE $22
     F16E   04           3540          .BYTE $04
     F16F   00           3541          .BYTE $00
     F170   01           3542          .BYTE $01
     F171   00           3543          .BYTE $00
     F172   01           3544          .BYTE $01
     F173   2F           3545          .BYTE $2F
     F174   1F           3546          .BYTE $1F
     F175   01           3547          .BYTE $01
     F176   01           3548          .BYTE $01
     F177   23           3549          .BYTE $23
     F178   04           3550          .BYTE $04
     F179   00           3551          .BYTE $00
     F17A   00           3552          .BYTE $00
                         3553   ;********************************
                         3554   ;
                         3555   ;********************************
     F17B   15           3556   ZZF17B .BYTE $15
     F17C   01           3557          .BYTE $01
     F17D   01           3558          .BYTE $01
     F17E   21           3559          .BYTE $21
     F17F   08           3560          .BYTE $08
     F180   00           3561          .BYTE $00
     F181   01           3562          .BYTE $01
     F182   2F           3563          .BYTE $2F
     F183   07           3564          .BYTE $07
     F184   01           3565          .BYTE $01
     F185   15           3566          .BYTE $15
     F186   01           3567          .BYTE $01
     F187   01           3568          .BYTE $01
     F188   22           3569          .BYTE $22
     F189   08           3570          .BYTE $08
     F18A   00           3571          .BYTE $00
     F18B   01           3572          .BYTE $01
     F18C   2F           3573          .BYTE $2F
     F18D   07           3574          .BYTE $07
     F18E   01           3575          .BYTE $01
     F18F   15           3576          .BYTE $15
     F190   01           3577          .BYTE $01
     F191   01           3578          .BYTE $01
     F192   23           3579          .BYTE $23
     F193   08           3580          .BYTE $08
     F194   00           3581          .BYTE $00
     F195   01           3582          .BYTE $01
     F196   2F           3583          .BYTE $2F
     F197   07           3584          .BYTE $07
.MAIN.  Commodore 6502ASM V072882    Page 2-73
   GRAPHIC0.ASM

Error Addr  Code          Seq   Source statement

     F198   01           3585          .BYTE $01
     F199   15           3586          .BYTE $15
     F19A   01           3587          .BYTE $01
     F19B   01           3588          .BYTE $01
     F19C   23           3589          .BYTE $23
     F19D   08           3590          .BYTE $08
     F19E   00           3591          .BYTE $00
     F19F   01           3592          .BYTE $01
     F1A0   2F           3593          .BYTE $2F
     F1A1   07           3594          .BYTE $07
     F1A2   01           3595          .BYTE $01
     F1A3   15           3596          .BYTE $15
     F1A4   01           3597          .BYTE $01
     F1A5   01           3598          .BYTE $01
     F1A6   2A           3599          .BYTE $2A
     F1A7   07           3600          .BYTE $07
     F1A8   00           3601          .BYTE $00
     F1A9   01           3602          .BYTE $01
     F1AA   25           3603          .BYTE $25
     F1AB   08           3604          .BYTE $08
     F1AC   01           3605          .BYTE $01
     F1AD   15           3606          .BYTE $15
     F1AE   01           3607          .BYTE $01
     F1AF   01           3608          .BYTE $01
     F1B0   29           3609          .BYTE $29
     F1B1   07           3610          .BYTE $07
     F1B2   00           3611          .BYTE $00
     F1B3   01           3612          .BYTE $01
     F1B4   26           3613          .BYTE $26
     F1B5   08           3614          .BYTE $08
     F1B6   01           3615          .BYTE $01
     F1B7   14           3616          .BYTE $14
     F1B8   01           3617          .BYTE $01
     F1B9   01           3618          .BYTE $01
     F1BA   2A           3619          .BYTE $2A
     F1BB   08           3620          .BYTE $08
     F1BC   00           3621          .BYTE $00
     F1BD   01           3622          .BYTE $01
     F1BE   2F           3623          .BYTE $2F
     F1BF   08           3624          .BYTE $08
     F1C0   01           3625          .BYTE $01
     F1C1   06           3626          .BYTE $06
     F1C2   01           3627          .BYTE $01
     F1C3   01           3628          .BYTE $01
     F1C4   0C           3629          .BYTE $0C
     F1C5   01           3630          .BYTE $01
     F1C6   0D           3631          .BYTE $0D
     F1C7   0C           3632          .BYTE $0C
     F1C8   01           3633          .BYTE $01
     F1C9   01           3634          .BYTE $01
.MAIN.  Commodore 6502ASM V072882    Page 2-74
   GRAPHIC0.ASM

Error Addr  Code          Seq   Source statement

     F1CA   29           3635          .BYTE $29
     F1CB   08           3636          .BYTE $08
     F1CC   00           3637          .BYTE $00
     F1CD   01           3638          .BYTE $01
     F1CE   2F           3639          .BYTE $2F
     F1CF   08           3640          .BYTE $08
     F1D0   01           3641          .BYTE $01
     F1D1   06           3642          .BYTE $06
     F1D2   01           3643          .BYTE $01
     F1D3   01           3644          .BYTE $01
     F1D4   0E           3645          .BYTE $0E
     F1D5   01           3646          .BYTE $01
     F1D6   0F           3647          .BYTE $0F
     F1D7   0B           3648          .BYTE $0B
     F1D8   01           3649          .BYTE $01
     F1D9   01           3650          .BYTE $01
     F1DA   28           3651          .BYTE $28
     F1DB   09           3652          .BYTE $09
     F1DC   00           3653          .BYTE $00
     F1DD   01           3654          .BYTE $01
     F1DE   2F           3655          .BYTE $2F
     F1DF   08           3656          .BYTE $08
     F1E0   01           3657          .BYTE $01
     F1E1   12           3658          .BYTE $12
     F1E2   01           3659          .BYTE $01
     F1E3   01           3660          .BYTE $01
     F1E4   28           3661          .BYTE $28
     F1E5   0A           3662          .BYTE $0A
     F1E6   00           3663          .BYTE $00
     F1E7   01           3664          .BYTE $01
     F1E8   2F           3665          .BYTE $2F
     F1E9   08           3666          .BYTE $08
     F1EA   01           3667          .BYTE $01
     F1EB   11           3668          .BYTE $11
     F1EC   01           3669          .BYTE $01
     F1ED   01           3670          .BYTE $01
     F1EE   28           3671          .BYTE $28
     F1EF   0A           3672          .BYTE $0A
     F1F0   00           3673          .BYTE $00
     F1F1   01           3674          .BYTE $01
     F1F2   25           3675          .BYTE $25
     F1F3   09           3676          .BYTE $09
     F1F4   01           3677          .BYTE $01
     F1F5   10           3678          .BYTE $10
     F1F6   01           3679          .BYTE $01
     F1F7   01           3680          .BYTE $01
     F1F8   28           3681          .BYTE $28
     F1F9   0B           3682          .BYTE $0B
     F1FA   00           3683          .BYTE $00
     F1FB   01           3684          .BYTE $01
.MAIN.  Commodore 6502ASM V072882    Page 2-75
   GRAPHIC0.ASM

Error Addr  Code          Seq   Source statement

     F1FC   26           3685          .BYTE $26
     F1FD   09           3686          .BYTE $09
     F1FE   01           3687          .BYTE $01
     F1FF   0F           3688          .BYTE $0F
     F200   01           3689          .BYTE $01
     F201   01           3690          .BYTE $01
     F202   23           3691          .BYTE $23
     F203   0B           3692          .BYTE $0B
     F204   00           3693          .BYTE $00
     F205   01           3694          .BYTE $01
     F206   25           3695          .BYTE $25
     F207   0A           3696          .BYTE $0A
     F208   01           3697          .BYTE $01
     F209   0F           3698          .BYTE $0F
     F20A   01           3699          .BYTE $01
     F20B   01           3700          .BYTE $01
     F20C   23           3701          .BYTE $23
     F20D   0B           3702          .BYTE $0B
     F20E   00           3703          .BYTE $00
     F20F   01           3704          .BYTE $01
     F210   26           3705          .BYTE $26
     F211   0A           3706          .BYTE $0A
     F212   01           3707          .BYTE $01
     F213   0F           3708          .BYTE $0F
     F214   01           3709          .BYTE $01
     F215   01           3710          .BYTE $01
     F216   23           3711          .BYTE $23
     F217   0B           3712          .BYTE $0B
     F218   00           3713          .BYTE $00
     F219   01           3714          .BYTE $01
     F21A   2F           3715          .BYTE $2F
     F21B   0A           3716          .BYTE $0A
     F21C   01           3717          .BYTE $01
     F21D   0F           3718          .BYTE $0F
     F21E   01           3719          .BYTE $01
     F21F   01           3720          .BYTE $01
     F220   23           3721          .BYTE $23
     F221   0B           3722          .BYTE $0B
     F222   00           3723          .BYTE $00
     F223   01           3724          .BYTE $01
     F224   2F           3725          .BYTE $2F
     F225   0A           3726          .BYTE $0A
     F226   01           3727          .BYTE $01
     F227   0F           3728          .BYTE $0F
     F228   01           3729          .BYTE $01
     F229   01           3730          .BYTE $01
     F22A   23           3731          .BYTE $23
     F22B   0A           3732          .BYTE $0A
     F22C   00           3733          .BYTE $00
     F22D   01           3734          .BYTE $01
.MAIN.  Commodore 6502ASM V072882    Page 2-76
   GRAPHIC0.ASM

Error Addr  Code          Seq   Source statement

     F22E   25           3735          .BYTE $25
     F22F   0B           3736          .BYTE $0B
     F230   01           3737          .BYTE $01
     F231   0F           3738          .BYTE $0F
     F232   01           3739          .BYTE $01
     F233   01           3740          .BYTE $01
     F234   23           3741          .BYTE $23
     F235   0A           3742          .BYTE $0A
     F236   00           3743          .BYTE $00
     F237   01           3744          .BYTE $01
     F238   26           3745          .BYTE $26
     F239   0B           3746          .BYTE $0B
     F23A   01           3747          .BYTE $01
     F23B   10           3748          .BYTE $10
     F23C   01           3749          .BYTE $01
     F23D   0A           3750          .BYTE $0A
     F23E   07           3751          .BYTE $07
     F23F   0C           3752          .BYTE $0C
     F240   01           3753          .BYTE $01
     F241   26           3754          .BYTE $26
     F242   01           3755          .BYTE $01
     F243   13           3756          .BYTE $13
     F244   01           3757          .BYTE $01
     F245   01           3758          .BYTE $01
     F246   02           3759          .BYTE $02
     F247   01           3760          .BYTE $01
     F248   01           3761          .BYTE $01
     F249   01           3762          .BYTE $01
     F24A   05           3763          .BYTE $05
     F24B   01           3764          .BYTE $01
     F24C   06           3765          .BYTE $06
     F24D   0F           3766          .BYTE $0F
     F24E   01           3767          .BYTE $01
     F24F   26           3768          .BYTE $26
     F250   01           3769          .BYTE $01
     F251   26           3770          .BYTE $26
     F252   01           3771          .BYTE $01
     F253   00           3772          .BYTE $00
                         3773   ;********************************
                         3774   ; GRAPHIC DATA FOR SCREEN
                         3775   ;********************************
                         3776   ; MAIN ENGINE SOUND 1
                         3777   ;********************************
     F254   8D D412      3778   XXF254 STA $D412 ;VCREG3
     F257   A9 09        3779          LDA #$09
     F259   8D D40F      3780          STA $D40F ;FREQHI3
     F25C   60           3781          RTS
                         3782   ;********************************
                         3783   ; MAIN ENGINE SOUND 2
                         3784   ;********************************
.MAIN.  Commodore 6502ASM V072882    Page 2-77
   JUPITERLANDER.asm

Error Addr  Code          Seq   Source statement

     F25D   8D D412      3785   XXF25D STA $D412 ;VCREG3
     F260   A9 07        3786          LDA #$07
     F262   8D D40F      3787          STA $D40F ;FREQHI3
     F265   60           3788          RTS
                         3789   ;********************************
                         3790   ; DRAW TITLE SCREEN
                         3791   ; JUIPTER
                         3792   ; LANDER
                         3793   ;********************************
     F266   A9 3B        3794   XXF266 LDA #<ZZF33B ;#$3B
     F268   85 2F        3795          STA $2F
     F26A   A9 F3        3796          LDA #>ZZF33B ;#$F3
     F26C   85 30        3797          STA $30
                         3798   ;
     F26E   A9 04        3799          LDA #$04 ;#<SCREEN
     F270   85 32        3800          STA $32
     F272   A9 00        3801          LDA #$00 ;#>SCREEN
     F274   85 31        3802          STA $31
                         3803   ;
     F276   A9 00        3804          LDA #$00
     F278   A8           3805          TAY
     F279   91 31        3806   XXF279 STA ($31),Y
     F27B   E6 31        3807          INC $31
     F27D   D0 02        3808          BNE XXF281
     F27F   E6 32        3809          INC $32
     F281   A6 31        3810   XXF281 LDX $31
     F283   E0 E0        3811          CPX #$E0
     F285   D0 F2        3812          BNE XXF279
     F287   A6 32        3813          LDX $32
     F289   E0 07        3814          CPX #$07
     F28B   D0 EC        3815          BNE XXF279
     F28D   A9 D8        3816          LDA #$D8
     F28F   85 32        3817          STA $32
     F291   A9 00        3818          LDA #$00
     F293   85 31        3819          STA $31
     F295   A9 06        3820          LDA #$06
     F297   91 31        3821   XXF297 STA ($31),Y
     F299   E6 31        3822          INC $31
     F29B   D0 02        3823          BNE XXF29F
     F29D   E6 32        3824          INC $32
     F29F   A6 31        3825   XXF29F LDX $31
     F2A1   E0 E0        3826          CPX #$E0
     F2A3   D0 F2        3827          BNE XXF297
     F2A5   A6 32        3828          LDX $32
     F2A7   E0 DB        3829          CPX #$DB
     F2A9   D0 EC        3830          BNE XXF297
     F2AB   A9 04        3831          LDA #$04
     F2AD   85 32        3832          STA $32
     F2AF   A9 C7        3833          LDA #$C7
     F2B1   85 31        3834          STA $31
.MAIN.  Commodore 6502ASM V072882    Page 2-78
   JUPITERLANDER.asm

Error Addr  Code          Seq   Source statement

                         3835   ;
                         3836   ; SET SCREEN AND BORDER LIGHT GRAY
                         3837   ;
     F2B3   A9 0F        3838          LDA #$0F  ;LIGHT GRAY
     F2B5   8D D020      3839          STA $D020 ;EXTCOL
     F2B8   8D D021      3840          STA $D021 ;BGCOL0
                         3841   ;
     F2BB   A0 00        3842   XXF2BB LDY #$00
     F2BD   B1 2F        3843          LDA ($2F),Y
     F2BF   30 2A        3844          BMI XXF2EB ;DRAW COMMODORE LOGO
     F2C1   29 F0        3845          AND #$F0
     F2C3   4A           3846          LSR A
     F2C4   4A           3847          LSR A
     F2C5   4A           3848          LSR A
     F2C6   4A           3849          LSR A
     F2C7   AA           3850          TAX
     F2C8   BD F335      3851          LDA XXF335,X
     F2CB   91 31        3852          STA ($31),Y
     F2CD   E6 31        3853          INC $31
     F2CF   D0 02        3854          BNE XXF2D3
     F2D1   E6 32        3855          INC $32
     F2D3   B1 2F        3856   XXF2D3 LDA ($2F),Y
     F2D5   29 0F        3857          AND #$0F
     F2D7   AA           3858          TAX
     F2D8   BD F335      3859          LDA XXF335,X
     F2DB   91 31        3860          STA ($31),Y
     F2DD   E6 31        3861          INC $31
     F2DF   D0 02        3862          BNE XXF2E3
     F2E1   E6 32        3863          INC $32
     F2E3   E6 2F        3864   XXF2E3 INC $2F
     F2E5   D0 02        3865          BNE XXF2E9
     F2E7   E6 30        3866          INC $30
     F2E9   D0 D0        3867   XXF2E9 BNE XXF2BB
                         3868   ;********************************
                         3869   ; COMMODORE LOGO GRAPHIC LINE 0
                         3870   ;********************************
     F2EB   A2 12        3871   XXF2EB LDX #$12
     F2ED   BD F418      3872   XXF2ED LDA XXF418,X
     F2F0   9D 06D9      3873          STA $06D9,X
     F2F3   CA           3874          DEX
     F2F4   10 F7        3875          BPL XXF2ED
                         3876   ;********************************
                         3877   ; COMMODORE LOGO GRAPHIC LINE 1
                         3878   ;********************************
     F2F6   A2 12        3879          LDX #$12
     F2F8   BD F42B      3880   XXF2F8 LDA XXF42B,X
     F2FB   9D 0701      3881          STA $0701,X
     F2FE   CA           3882          DEX
     F2FF   10 F7        3883          BPL XXF2F8
                         3884   ;********************************
.MAIN.  Commodore 6502ASM V072882    Page 2-79
   JUPITERLANDER.asm

Error Addr  Code          Seq   Source statement

                         3885   ; COMMODORE LOGO GRAPHIC LINE 2
                         3886   ;********************************
     F301   A2 12        3887          LDX #$12
     F303   BD F43E      3888   XXF303 LDA XXF43E,X
     F306   9D 0729      3889          STA $0729,X
     F309   CA           3890          DEX
     F30A   10 F7        3891          BPL XXF303
                         3892   ;********************************
                         3893   ;
                         3894   ;********************************
     F30C   A9 0E        3895          LDA #$0E  ;LIGHT BLUE
     F30E   8D DB03      3896          STA $DB03 ;COLOR RAM LOCATION
     F311   AD D016      3897          LDA $D016 ;SCROLX
     F314   09 10        3898          ORA #$10  ;SET BIT 4
     F316   8D D016      3899          STA $D016 ;MULTICOLOR
     F319   20 EE3E      3900          JSR DELAY1
     F31C   20 EE3E      3901          JSR DELAY1
     F31F   20 EE3E      3902          JSR DELAY1
     F322   A2 02        3903          LDX #$02
     F324   A9 06        3904          LDA #$06  ;COLOR BLUE
     F326   8D D021      3905          STA $D021 ;BGCOL0
     F329   8D D020      3906          STA $D020 ;EXTCOL
     F32C   AD D016      3907          LDA $D016 ;SCROLX
     F32F   29 EF        3908          AND #$EF  ;CLEAR BIT 4
     F331   8D D016      3909          STA $D016 ;MULTICOLOR OFF
     F334   60           3910          RTS
                         3911   ;********************************
                         3912   ; COMMODORE LOGO SCREEN SETUP
                         3913   ;********************************
     F335   00           3914   XXF335 .BYTE $00
     F336   01           3915          .BYTE $01
     F337   60           3916          .BYTE $60
     F338   61           3917          .BYTE $61
     F339   62           3918          .BYTE $62
     F33A   63           3919          .BYTE $63
                         3920   ;********************************
                         3921   ; GRAPHIC 1 DATA FOR SCREEN
                         3922   ; TITLE SCREEN
                         3923   ; JUPITER
                         3924   ; LANDER
                         3925   ; FORE-GROUND (ONLY)
                         3926   ;********************************
     F33B                3927   ZZF33B
                         3928    .LIB graphic1.asm
                         3929   ;********************************
                         3930   ; ZZF33B GRAPHIC DATA FOR SCREEN
                         3931   ; TITLE SCREEN
                         3932   ; JUPITER
                         3933   ; LANDER
                         3934   ; FORE-GROUND (ONLY)
.MAIN.  Commodore 6502ASM V072882    Page 2-80
   GRAPHIC1.ASM

Error Addr  Code          Seq   Source statement

                         3935   ;********************************
     F33B   00           3936          .BYTE $00
     F33C   00           3937          .BYTE $00
     F33D   10           3938          .BYTE $10
     F33E   10           3939          .BYTE $10
     F33F   00           3940          .BYTE $00
     F340   10           3941          .BYTE $10
     F341   11           3942          .BYTE $11
     F342   11           3943          .BYTE $11
     F343   30           3944          .BYTE $30
     F344   11           3945          .BYTE $11
     F345   10           3946          .BYTE $10
     F346   11           3947          .BYTE $11
     F347   11           3948          .BYTE $11
     F348   10           3949          .BYTE $10
     F349   11           3950          .BYTE $11
     F34A   11           3951          .BYTE $11
     F34B   10           3952          .BYTE $10
     F34C   11           3953          .BYTE $11
     F34D   11           3954          .BYTE $11
     F34E   30           3955          .BYTE $30
     F34F   00           3956          .BYTE $00
     F350   00           3957          .BYTE $00
     F351   10           3958          .BYTE $10
     F352   10           3959          .BYTE $10
     F353   00           3960          .BYTE $00
     F354   10           3961          .BYTE $10
     F355   10           3962          .BYTE $10
     F356   00           3963          .BYTE $00
     F357   10           3964          .BYTE $10
     F358   01           3965          .BYTE $01
     F359   00           3966          .BYTE $00
     F35A   00           3967          .BYTE $00
     F35B   10           3968          .BYTE $10
     F35C   00           3969          .BYTE $00
     F35D   10           3970          .BYTE $10
     F35E   00           3971          .BYTE $00
     F35F   00           3972          .BYTE $00
     F360   10           3973          .BYTE $10
     F361   00           3974          .BYTE $00
     F362   10           3975          .BYTE $10
     F363   00           3976          .BYTE $00
     F364   00           3977          .BYTE $00
     F365   10           3978          .BYTE $10
     F366   10           3979          .BYTE $10
     F367   00           3980          .BYTE $00
     F368   10           3981          .BYTE $10
     F369   11           3982          .BYTE $11
     F36A   11           3983          .BYTE $11
     F36B   40           3984          .BYTE $40
.MAIN.  Commodore 6502ASM V072882    Page 2-81
   GRAPHIC1.ASM

Error Addr  Code          Seq   Source statement

     F36C   01           3985          .BYTE $01
     F36D   00           3986          .BYTE $00
     F36E   00           3987          .BYTE $00
     F36F   10           3988          .BYTE $10
     F370   00           3989          .BYTE $00
     F371   11           3990          .BYTE $11
     F372   10           3991          .BYTE $10
     F373   00           3992          .BYTE $00
     F374   11           3993          .BYTE $11
     F375   11           3994          .BYTE $11
     F376   40           3995          .BYTE $40
     F377   03           3996          .BYTE $03
     F378   00           3997          .BYTE $00
     F379   10           3998          .BYTE $10
     F37A   10           3999          .BYTE $10
     F37B   00           4000          .BYTE $00
     F37C   10           4001          .BYTE $10
     F37D   10           4002          .BYTE $10
     F37E   00           4003          .BYTE $00
     F37F   00           4004          .BYTE $00
     F380   01           4005          .BYTE $01
     F381   00           4006          .BYTE $00
     F382   00           4007          .BYTE $00
     F383   10           4008          .BYTE $10
     F384   00           4009          .BYTE $00
     F385   10           4010          .BYTE $10
     F386   00           4011          .BYTE $00
     F387   00           4012          .BYTE $00
     F388   10           4013          .BYTE $10
     F389   05           4014          .BYTE $05
     F38A   30           4015          .BYTE $30
     F38B   05           4016          .BYTE $05
     F38C   11           4017          .BYTE $11
     F38D   40           4018          .BYTE $40
     F38E   51           4019          .BYTE $51
     F38F   11           4020          .BYTE $11
     F390   40           4021          .BYTE $40
     F391   10           4022          .BYTE $10
     F392   00           4023          .BYTE $00
     F393   00           4024          .BYTE $00
     F394   11           4025          .BYTE $11
     F395   10           4026          .BYTE $10
     F396   00           4027          .BYTE $00
     F397   10           4028          .BYTE $10
     F398   00           4029          .BYTE $00
     F399   11           4030          .BYTE $11
     F39A   11           4031          .BYTE $11
     F39B   10           4032          .BYTE $10
     F39C   10           4033          .BYTE $10
     F39D   00           4034          .BYTE $00
.MAIN.  Commodore 6502ASM V072882    Page 2-82
   GRAPHIC1.ASM

Error Addr  Code          Seq   Source statement

     F39E   10           4035          .BYTE $10
     F39F   00           4036          .BYTE $00
     F3A0   00           4037          .BYTE $00
     F3A1   00           4038          .BYTE $00
     F3A2   00           4039          .BYTE $00
     F3A3   00           4040          .BYTE $00
     F3A4   00           4041          .BYTE $00
     F3A5   00           4042          .BYTE $00
     F3A6   00           4043          .BYTE $00
     F3A7   00           4044          .BYTE $00
     F3A8   00           4045          .BYTE $00
     F3A9   00           4046          .BYTE $00
                         4047   ;********************************
                         4048   ;
                         4049   ;********************************
     F3AA   00           4050          .BYTE $00
     F3AB   00           4051          .BYTE $00
     F3AC   00           4052          .BYTE $00
     F3AD   00           4053          .BYTE $00
     F3AE   00           4054          .BYTE $00
     F3AF   00           4055          .BYTE $00
     F3B0   00           4056          .BYTE $00
     F3B1   00           4057          .BYTE $00
     F3B2   00           4058          .BYTE $00
     F3B3   00           4059          .BYTE $00
     F3B4   10           4060          .BYTE $10
     F3B5   00           4061          .BYTE $00
     F3B6   00           4062          .BYTE $00
     F3B7   21           4063          .BYTE $21
     F3B8   11           4064          .BYTE $11
     F3B9   30           4065          .BYTE $30
     F3BA   13           4066          .BYTE $13
     F3BB   00           4067          .BYTE $00
     F3BC   10           4068          .BYTE $10
     F3BD   11           4069          .BYTE $11
     F3BE   11           4070          .BYTE $11
     F3BF   30           4071          .BYTE $30
     F3C0   11           4072          .BYTE $11
     F3C1   11           4073          .BYTE $11
     F3C2   10           4074          .BYTE $10
     F3C3   11           4075          .BYTE $11
     F3C4   11           4076          .BYTE $11
     F3C5   30           4077          .BYTE $30
     F3C6   00           4078          .BYTE $00
     F3C7   00           4079          .BYTE $00
     F3C8   10           4080          .BYTE $10
     F3C9   00           4081          .BYTE $00
     F3CA   00           4082          .BYTE $00
     F3CB   10           4083          .BYTE $10
     F3CC   00           4084          .BYTE $00
.MAIN.  Commodore 6502ASM V072882    Page 2-83
   GRAPHIC1.ASM

Error Addr  Code          Seq   Source statement

     F3CD   10           4085          .BYTE $10
     F3CE   15           4086          .BYTE $15
     F3CF   30           4087          .BYTE $30
     F3D0   10           4088          .BYTE $10
     F3D1   10           4089          .BYTE $10
     F3D2   00           4090          .BYTE $00
     F3D3   10           4091          .BYTE $10
     F3D4   10           4092          .BYTE $10
     F3D5   00           4093          .BYTE $00
     F3D6   00           4094          .BYTE $00
     F3D7   10           4095          .BYTE $10
     F3D8   00           4096          .BYTE $00
     F3D9   10           4097          .BYTE $10
     F3DA   00           4098          .BYTE $00
     F3DB   00           4099          .BYTE $00
     F3DC   10           4100          .BYTE $10
     F3DD   00           4101          .BYTE $00
     F3DE   00           4102          .BYTE $00
     F3DF   11           4103          .BYTE $11
     F3E0   11           4104          .BYTE $11
     F3E1   10           4105          .BYTE $10
     F3E2   10           4106          .BYTE $10
     F3E3   53           4107          .BYTE $53
     F3E4   10           4108          .BYTE $10
     F3E5   10           4109          .BYTE $10
     F3E6   00           4110          .BYTE $00
     F3E7   10           4111          .BYTE $10
     F3E8   11           4112          .BYTE $11
     F3E9   10           4113          .BYTE $10
     F3EA   00           4114          .BYTE $00
     F3EB   11           4115          .BYTE $11
     F3EC   11           4116          .BYTE $11
     F3ED   40           4117          .BYTE $40
     F3EE   00           4118          .BYTE $00
     F3EF   00           4119          .BYTE $00
     F3F0   10           4120          .BYTE $10
     F3F1   00           4121          .BYTE $00
     F3F2   00           4122          .BYTE $00
     F3F3   10           4123          .BYTE $10
     F3F4   00           4124          .BYTE $00
     F3F5   10           4125          .BYTE $10
     F3F6   10           4126          .BYTE $10
     F3F7   05           4127          .BYTE $05
     F3F8   10           4128          .BYTE $10
     F3F9   10           4129          .BYTE $10
     F3FA   00           4130          .BYTE $00
     F3FB   10           4131          .BYTE $10
     F3FC   10           4132          .BYTE $10
     F3FD   00           4133          .BYTE $00
     F3FE   00           4134          .BYTE $00
.MAIN.  Commodore 6502ASM V072882    Page 2-84
   GRAPHIC1.ASM

Error Addr  Code          Seq   Source statement

     F3FF   10           4135          .BYTE $10
     F400   05           4136          .BYTE $05
     F401   30           4137          .BYTE $30
     F402   00           4138          .BYTE $00
     F403   00           4139          .BYTE $00
     F404   11           4140          .BYTE $11
     F405   11           4141          .BYTE $11
     F406   10           4142          .BYTE $10
     F407   10           4143          .BYTE $10
     F408   00           4144          .BYTE $00
     F409   10           4145          .BYTE $10
     F40A   10           4146          .BYTE $10
     F40B   00           4147          .BYTE $00
     F40C   10           4148          .BYTE $10
     F40D   11           4149          .BYTE $11
     F40E   11           4150          .BYTE $11
     F40F   40           4151          .BYTE $40
     F410   11           4152          .BYTE $11
     F411   11           4153          .BYTE $11
     F412   10           4154          .BYTE $10
     F413   10           4155          .BYTE $10
     F414   00           4156          .BYTE $00
     F415   10           4157          .BYTE $10
     F416   00           4158          .BYTE $00
     F417   FF           4159          .BYTE $FF
                         4160   ;********************************
                         4161   ; GRAPHIC 2 DATA FOR SCREEN
                         4162   ;********************************
                         4163   ; COMMODORE GRAPHIC LINE 0
                         4164   ;********************************
     F418   76           4165   XXF418 .BYTE $76 ;$76
     F419   78           4166          .BYTE $78 ;$78
     F41A   00           4167          .BYTE $00
     F41B   00           4168          .BYTE $00
     F41C   00           4169          .BYTE $00
     F41D   00           4170          .BYTE $00
     F41E   00           4171          .BYTE $00
     F41F   00           4172          .BYTE $00
     F420   00           4173          .BYTE $00
     F421   00           4174          .BYTE $00
     F422   00           4175          .BYTE $00
     F423   00           4176          .BYTE $00
     F424   00           4177          .BYTE $00
     F425   73           4178          .BYTE $73 ;$73
     F426   74           4179          .BYTE $74 ;$74
     F427   00           4180          .BYTE $00
     F428   00           4181          .BYTE $00
     F429   00           4182          .BYTE $00
     F42A   00           4183          .BYTE $00
                         4184   ;********************************
.MAIN.  Commodore 6502ASM V072882    Page 2-85
   JUPITERLANDER.asm

Error Addr  Code          Seq   Source statement

                         4185   ; COMMODORE GRAPHIC LINE 1
                         4186   ;********************************
     F42B   77           4187   XXF42B .BYTE $77 ;$77
     F42C   00           4188          .BYTE $00
     F42D   75           4189          .BYTE $75 ;$75
     F42E   00           4190          .BYTE $00
     F42F   64           4191          .BYTE $64 ;$64
     F430   65           4192          .BYTE $65 ;$65
     F431   66           4193          .BYTE $66 ;$66
     F432   67           4194          .BYTE $67 ;$67
     F433   68           4195          .BYTE $68 ;$68
     F434   69           4196          .BYTE $69 ;$69
     F435   6A           4197          .BYTE $6A ;$6A
     F436   6B           4198          .BYTE $6B ;$6B
     F437   6C           4199          .BYTE $6C ;$6C
     F438   6D           4200          .BYTE $6D ;$6D
     F439   6E           4201          .BYTE $6E ;$6E
     F43A   6F           4202          .BYTE $6F ;$6F
     F43B   70           4203          .BYTE $70 ;$70
     F43C   71           4204          .BYTE $71 ;$71
     F43D   72           4205          .BYTE $72 ;$72
                         4206   ;********************************
                         4207   ; COMMODORE GRAPHIC LINE 2
                         4208   ;********************************
     F43E   7A           4209   XXF43E .BYTE $7A ;$7A
     F43F   79           4210          .BYTE $79 ;$79
     F440   00           4211          .BYTE $00
     F441   00           4212          .BYTE $00
     F442   00           4213          .BYTE $00
     F443   00           4214          .BYTE $00
     F444   00           4215          .BYTE $00
     F445   00           4216          .BYTE $00
     F446   00           4217          .BYTE $00
     F447   00           4218          .BYTE $00
     F448   7B           4219          .BYTE $7B ;$7B
     F449   7C           4220          .BYTE $7C ;$7C
     F44A   7D           4221          .BYTE $7D ;$7D
     F44B   7E           4222          .BYTE $7E ;$7E
     F44C   00           4223          .BYTE $00
     F44D   00           4224          .BYTE $00
     F44E   00           4225          .BYTE $00
     F44F   00           4226          .BYTE $00
     F450   00           4227          .BYTE $00
                         4228   ;********************************
                         4229   ; ZZF451 NOT DEFINED FILLER BYTES
                         4230   ;********************************
     F451                4231   ZZF451
                         4232    .LIB filler.asm
                         4233   ;********************************
                         4234   ;ZZF451 FILLER BYTES
.MAIN.  Commodore 6502ASM V072882    Page 2-86
   FILLER.ASM

Error Addr  Code          Seq   Source statement

                         4235   ;********************************
     F451   AA           4236          .BYTE $AA ;$AA
     F452   AA           4237          .BYTE $AA
     F453   AA           4238          .BYTE $AA
     F454   AA           4239          .BYTE $AA
     F455   AA           4240          .BYTE $AA
     F456   AA           4241          .BYTE $AA
     F457   AA           4242          .BYTE $AA
     F458   AA           4243          .BYTE $AA
     F459   AA           4244          .BYTE $AA
     F45A   AA           4245          .BYTE $AA
     F45B   AA           4246          .BYTE $AA
     F45C   AA           4247          .BYTE $AA
     F45D   AA           4248          .BYTE $AA
     F45E   AA           4249          .BYTE $AA
     F45F   AA           4250          .BYTE $AA
     F460   AA           4251          .BYTE $AA
     F461   AA           4252          .BYTE $AA
     F462   AA           4253          .BYTE $AA
     F463   AA           4254          .BYTE $AA
     F464   AA           4255          .BYTE $AA
     F465   AA           4256          .BYTE $AA
     F466   AA           4257          .BYTE $AA
     F467   AA           4258          .BYTE $AA
     F468   AA           4259          .BYTE $AA
     F469   AA           4260          .BYTE $AA
     F46A   AA           4261          .BYTE $AA
     F46B   AA           4262          .BYTE $AA
     F46C   AA           4263          .BYTE $AA
     F46D   AA           4264          .BYTE $AA
     F46E   AA           4265          .BYTE $AA
     F46F   AA           4266          .BYTE $AA
     F470   AA           4267          .BYTE $AA
     F471   AA           4268          .BYTE $AA
     F472   AA           4269          .BYTE $AA
     F473   AA           4270          .BYTE $AA
     F474   AA           4271          .BYTE $AA
     F475   AA           4272          .BYTE $AA
     F476   AA           4273          .BYTE $AA
     F477   AA           4274          .BYTE $AA
     F478   AA           4275          .BYTE $AA
     F479   AA           4276          .BYTE $AA
     F47A   AA           4277          .BYTE $AA
     F47B   AA           4278          .BYTE $AA
     F47C   AA           4279          .BYTE $AA
     F47D   AA           4280          .BYTE $AA
     F47E   AA           4281          .BYTE $AA
     F47F   AA           4282          .BYTE $AA
     F480   AA           4283          .BYTE $AA
     F481   AA           4284          .BYTE $AA
.MAIN.  Commodore 6502ASM V072882    Page 2-87
   FILLER.ASM

Error Addr  Code          Seq   Source statement

     F482   AA           4285          .BYTE $AA
     F483   AA           4286          .BYTE $AA
     F484   AA           4287          .BYTE $AA
     F485   AA           4288          .BYTE $AA
     F486   AA           4289          .BYTE $AA
     F487   AA           4290          .BYTE $AA
     F488   AA           4291          .BYTE $AA
     F489   AA           4292          .BYTE $AA
     F48A   AA           4293          .BYTE $AA
     F48B   AA           4294          .BYTE $AA
     F48C   AA           4295          .BYTE $AA
     F48D   AA           4296          .BYTE $AA
     F48E   AA           4297          .BYTE $AA
     F48F   AA           4298          .BYTE $AA
     F490   AA           4299          .BYTE $AA
     F491   AA           4300          .BYTE $AA
     F492   AA           4301          .BYTE $AA
     F493   AA           4302          .BYTE $AA
     F494   AA           4303          .BYTE $AA
     F495   AA           4304          .BYTE $AA
     F496   AA           4305          .BYTE $AA
     F497   AA           4306          .BYTE $AA
     F498   AA           4307          .BYTE $AA
     F499   AA           4308          .BYTE $AA
     F49A   AA           4309          .BYTE $AA
     F49B   AA           4310          .BYTE $AA
     F49C   AA           4311          .BYTE $AA
     F49D   AA           4312          .BYTE $AA
     F49E   AA           4313          .BYTE $AA
     F49F   AA           4314          .BYTE $AA
     F4A0   AA           4315          .BYTE $AA
     F4A1   AA           4316          .BYTE $AA
     F4A2   AA           4317          .BYTE $AA
     F4A3   AA           4318          .BYTE $AA
     F4A4   AA           4319          .BYTE $AA
     F4A5   AA           4320          .BYTE $AA
     F4A6   AA           4321          .BYTE $AA
     F4A7   AA           4322          .BYTE $AA
     F4A8   AA           4323          .BYTE $AA
     F4A9   AA           4324          .BYTE $AA
     F4AA   AA           4325          .BYTE $AA
     F4AB   AA           4326          .BYTE $AA
     F4AC   AA           4327          .BYTE $AA
     F4AD   AA           4328          .BYTE $AA
     F4AE   AA           4329          .BYTE $AA
     F4AF   AA           4330          .BYTE $AA
     F4B0   AA           4331          .BYTE $AA
     F4B1   AA           4332          .BYTE $AA
     F4B2   AA           4333          .BYTE $AA
     F4B3   AA           4334          .BYTE $AA
.MAIN.  Commodore 6502ASM V072882    Page 2-88
   FILLER.ASM

Error Addr  Code          Seq   Source statement

     F4B4   AA           4335          .BYTE $AA
     F4B5   AA           4336          .BYTE $AA
     F4B6   AA           4337          .BYTE $AA
     F4B7   AA           4338          .BYTE $AA
     F4B8   AA           4339          .BYTE $AA
     F4B9   AA           4340          .BYTE $AA
     F4BA   AA           4341          .BYTE $AA
     F4BB   AA           4342          .BYTE $AA
     F4BC   AA           4343          .BYTE $AA
     F4BD   AA           4344          .BYTE $AA
     F4BE   AA           4345          .BYTE $AA
     F4BF   AA           4346          .BYTE $AA
     F4C0   AA           4347          .BYTE $AA
     F4C1   AA           4348          .BYTE $AA
     F4C2   AA           4349          .BYTE $AA
     F4C3   AA           4350          .BYTE $AA
     F4C4   AA           4351          .BYTE $AA
     F4C5   AA           4352          .BYTE $AA
     F4C6   AA           4353          .BYTE $AA
     F4C7   AA           4354          .BYTE $AA
     F4C8   AA           4355          .BYTE $AA
     F4C9   AA           4356          .BYTE $AA
     F4CA   AA           4357          .BYTE $AA
     F4CB   AA           4358          .BYTE $AA
     F4CC   AA           4359          .BYTE $AA
     F4CD   AA           4360          .BYTE $AA
     F4CE   AA           4361          .BYTE $AA
     F4CF   AA           4362          .BYTE $AA
     F4D0   AA           4363          .BYTE $AA
     F4D1   AA           4364          .BYTE $AA
     F4D2   AA           4365          .BYTE $AA
     F4D3   AA           4366          .BYTE $AA
     F4D4   AA           4367          .BYTE $AA
     F4D5   AA           4368          .BYTE $AA
     F4D6   AA           4369          .BYTE $AA
     F4D7   AA           4370          .BYTE $AA
     F4D8   AA           4371          .BYTE $AA
     F4D9   AA           4372          .BYTE $AA
     F4DA   AA           4373          .BYTE $AA
     F4DB   AA           4374          .BYTE $AA
     F4DC   AA           4375          .BYTE $AA
     F4DD   AA           4376          .BYTE $AA
     F4DE   AA           4377          .BYTE $AA
     F4DF   AA           4378          .BYTE $AA
     F4E0   AA           4379          .BYTE $AA
     F4E1   AA           4380          .BYTE $AA
     F4E2   AA           4381          .BYTE $AA
     F4E3   AA           4382          .BYTE $AA
     F4E4   AA           4383          .BYTE $AA
     F4E5   AA           4384          .BYTE $AA
.MAIN.  Commodore 6502ASM V072882    Page 2-89
   FILLER.ASM

Error Addr  Code          Seq   Source statement

     F4E6   AA           4385          .BYTE $AA
     F4E7   AA           4386          .BYTE $AA
     F4E8   AA           4387          .BYTE $AA
     F4E9   AA           4388          .BYTE $AA
     F4EA   AA           4389          .BYTE $AA
     F4EB   AA           4390          .BYTE $AA
     F4EC   AA           4391          .BYTE $AA
     F4ED   AA           4392          .BYTE $AA
     F4EE   AA           4393          .BYTE $AA
     F4EF   AA           4394          .BYTE $AA
     F4F0   AA           4395          .BYTE $AA
     F4F1   AA           4396          .BYTE $AA
     F4F2   AA           4397          .BYTE $AA
     F4F3   AA           4398          .BYTE $AA
     F4F4   AA           4399          .BYTE $AA
     F4F5   AA           4400          .BYTE $AA
     F4F6   AA           4401          .BYTE $AA
     F4F7   AA           4402          .BYTE $AA
     F4F8   AA           4403          .BYTE $AA
     F4F9   AA           4404          .BYTE $AA
     F4FA   AA           4405          .BYTE $AA
     F4FB   AA           4406          .BYTE $AA
     F4FC   AA           4407          .BYTE $AA
     F4FD   AA           4408          .BYTE $AA
     F4FE   AA           4409          .BYTE $AA
     F4FF   AA           4410          .BYTE $AA
     F500   AA           4411          .BYTE $AA
     F501   AA           4412          .BYTE $AA
     F502   AA           4413          .BYTE $AA
     F503   AA           4414          .BYTE $AA
     F504   AA           4415          .BYTE $AA
     F505   AA           4416          .BYTE $AA
     F506   AA           4417          .BYTE $AA
     F507   AA           4418          .BYTE $AA
     F508   AA           4419          .BYTE $AA
     F509   AA           4420          .BYTE $AA
     F50A   AA           4421          .BYTE $AA
     F50B   AA           4422          .BYTE $AA
     F50C   AA           4423          .BYTE $AA
     F50D   AA           4424          .BYTE $AA
     F50E   AA           4425          .BYTE $AA
     F50F   AA           4426          .BYTE $AA
     F510   AA           4427          .BYTE $AA
     F511   AA           4428          .BYTE $AA
     F512   AA           4429          .BYTE $AA
     F513   AA           4430          .BYTE $AA
     F514   AA           4431          .BYTE $AA
     F515   AA           4432          .BYTE $AA
     F516   AA           4433          .BYTE $AA
     F517   AA           4434          .BYTE $AA
.MAIN.  Commodore 6502ASM V072882    Page 2-90
   FILLER.ASM

Error Addr  Code          Seq   Source statement

     F518   AA           4435          .BYTE $AA
     F519   AA           4436          .BYTE $AA
     F51A   AA           4437          .BYTE $AA
     F51B   AA           4438          .BYTE $AA
     F51C   AA           4439          .BYTE $AA
     F51D   AA           4440          .BYTE $AA
     F51E   AA           4441          .BYTE $AA
     F51F   AA           4442          .BYTE $AA
     F520   AA           4443          .BYTE $AA
     F521   AA           4444          .BYTE $AA
     F522   AA           4445          .BYTE $AA
     F523   AA           4446          .BYTE $AA
     F524   AA           4447          .BYTE $AA
     F525   AA           4448          .BYTE $AA
     F526   AA           4449          .BYTE $AA
     F527   AA           4450          .BYTE $AA
     F528   AA           4451          .BYTE $AA
     F529   AA           4452          .BYTE $AA
     F52A   AA           4453          .BYTE $AA
     F52B   AA           4454          .BYTE $AA
     F52C   AA           4455          .BYTE $AA
     F52D   AA           4456          .BYTE $AA
     F52E   AA           4457          .BYTE $AA
     F52F   AA           4458          .BYTE $AA
     F530   AA           4459          .BYTE $AA
     F531   AA           4460          .BYTE $AA
     F532   AA           4461          .BYTE $AA
     F533   AA           4462          .BYTE $AA
     F534   AA           4463          .BYTE $AA
     F535   AA           4464          .BYTE $AA
     F536   AA           4465          .BYTE $AA
     F537   AA           4466          .BYTE $AA
     F538   AA           4467          .BYTE $AA
     F539   AA           4468          .BYTE $AA
     F53A   AA           4469          .BYTE $AA
     F53B   AA           4470          .BYTE $AA
     F53C   AA           4471          .BYTE $AA
     F53D   AA           4472          .BYTE $AA
     F53E   AA           4473          .BYTE $AA
     F53F   AA           4474          .BYTE $AA
     F540   AA           4475          .BYTE $AA
     F541   AA           4476          .BYTE $AA
     F542   AA           4477          .BYTE $AA
     F543   AA           4478          .BYTE $AA
     F544   AA           4479          .BYTE $AA
     F545   AA           4480          .BYTE $AA
     F546   AA           4481          .BYTE $AA
     F547   AA           4482          .BYTE $AA
     F548   AA           4483          .BYTE $AA
     F549   AA           4484          .BYTE $AA
.MAIN.  Commodore 6502ASM V072882    Page 2-91
   FILLER.ASM

Error Addr  Code          Seq   Source statement

     F54A   AA           4485          .BYTE $AA
     F54B   AA           4486          .BYTE $AA
     F54C   AA           4487          .BYTE $AA
     F54D   AA           4488          .BYTE $AA
     F54E   AA           4489          .BYTE $AA
     F54F   AA           4490          .BYTE $AA
     F550   AA           4491          .BYTE $AA
     F551   AA           4492          .BYTE $AA
     F552   AA           4493          .BYTE $AA
     F553   AA           4494          .BYTE $AA
     F554   AA           4495          .BYTE $AA
     F555   AA           4496          .BYTE $AA
     F556   AA           4497          .BYTE $AA
     F557   AA           4498          .BYTE $AA
     F558   AA           4499          .BYTE $AA
     F559   AA           4500          .BYTE $AA
     F55A   AA           4501          .BYTE $AA
     F55B   AA           4502          .BYTE $AA
     F55C   AA           4503          .BYTE $AA
     F55D   AA           4504          .BYTE $AA
     F55E   AA           4505          .BYTE $AA
     F55F   AA           4506          .BYTE $AA
     F560   AA           4507          .BYTE $AA
     F561   AA           4508          .BYTE $AA
     F562   AA           4509          .BYTE $AA
     F563   AA           4510          .BYTE $AA
     F564   AA           4511          .BYTE $AA
     F565   AA           4512          .BYTE $AA
     F566   AA           4513          .BYTE $AA
     F567   AA           4514          .BYTE $AA
     F568   AA           4515          .BYTE $AA
     F569   AA           4516          .BYTE $AA
     F56A   AA           4517          .BYTE $AA
     F56B   AA           4518          .BYTE $AA
     F56C   AA           4519          .BYTE $AA
     F56D   AA           4520          .BYTE $AA
     F56E   AA           4521          .BYTE $AA
     F56F   AA           4522          .BYTE $AA
     F570   AA           4523          .BYTE $AA
     F571   AA           4524          .BYTE $AA
     F572   AA           4525          .BYTE $AA
     F573   AA           4526          .BYTE $AA
     F574   AA           4527          .BYTE $AA
     F575   AA           4528          .BYTE $AA
     F576   AA           4529          .BYTE $AA
     F577   AA           4530          .BYTE $AA
     F578   AA           4531          .BYTE $AA
     F579   AA           4532          .BYTE $AA
     F57A   AA           4533          .BYTE $AA
     F57B   AA           4534          .BYTE $AA
.MAIN.  Commodore 6502ASM V072882    Page 2-92
   FILLER.ASM

Error Addr  Code          Seq   Source statement

     F57C   AA           4535          .BYTE $AA
     F57D   AA           4536          .BYTE $AA
     F57E   AA           4537          .BYTE $AA
     F57F   AA           4538          .BYTE $AA
     F580   AA           4539          .BYTE $AA
     F581   AA           4540          .BYTE $AA
     F582   AA           4541          .BYTE $AA
     F583   AA           4542          .BYTE $AA
     F584   AA           4543          .BYTE $AA
     F585   AA           4544          .BYTE $AA
     F586   AA           4545          .BYTE $AA
     F587   AA           4546          .BYTE $AA
     F588   AA           4547          .BYTE $AA
     F589   AA           4548          .BYTE $AA
     F58A   AA           4549          .BYTE $AA
     F58B   AA           4550          .BYTE $AA
     F58C   AA           4551          .BYTE $AA
     F58D   AA           4552          .BYTE $AA
     F58E   AA           4553          .BYTE $AA
     F58F   AA           4554          .BYTE $AA
     F590   AA           4555          .BYTE $AA
     F591   AA           4556          .BYTE $AA
     F592   AA           4557          .BYTE $AA
     F593   AA           4558          .BYTE $AA
     F594   AA           4559          .BYTE $AA
     F595   AA           4560          .BYTE $AA
     F596   AA           4561          .BYTE $AA
     F597   AA           4562          .BYTE $AA
     F598   AA           4563          .BYTE $AA
     F599   AA           4564          .BYTE $AA
     F59A   AA           4565          .BYTE $AA
     F59B   AA           4566          .BYTE $AA
     F59C   AA           4567          .BYTE $AA
     F59D   AA           4568          .BYTE $AA
     F59E   AA           4569          .BYTE $AA
     F59F   AA           4570          .BYTE $AA
     F5A0   AA           4571          .BYTE $AA
     F5A1   AA           4572          .BYTE $AA
     F5A2   AA           4573          .BYTE $AA
     F5A3   AA           4574          .BYTE $AA
     F5A4   AA           4575          .BYTE $AA
     F5A5   AA           4576          .BYTE $AA
     F5A6   AA           4577          .BYTE $AA
     F5A7   AA           4578          .BYTE $AA
     F5A8   AA           4579          .BYTE $AA
     F5A9   AA           4580          .BYTE $AA
     F5AA   AA           4581          .BYTE $AA
     F5AB   AA           4582          .BYTE $AA
     F5AC   AA           4583          .BYTE $AA
     F5AD   AA           4584          .BYTE $AA
.MAIN.  Commodore 6502ASM V072882    Page 2-93
   FILLER.ASM

Error Addr  Code          Seq   Source statement

     F5AE   AA           4585          .BYTE $AA
     F5AF   AA           4586          .BYTE $AA
     F5B0   AA           4587          .BYTE $AA
     F5B1   AA           4588          .BYTE $AA
     F5B2   AA           4589          .BYTE $AA
     F5B3   AA           4590          .BYTE $AA
     F5B4   AA           4591          .BYTE $AA
     F5B5   AA           4592          .BYTE $AA
     F5B6   AA           4593          .BYTE $AA
     F5B7   AA           4594          .BYTE $AA
     F5B8   AA           4595          .BYTE $AA
     F5B9   AA           4596          .BYTE $AA
     F5BA   AA           4597          .BYTE $AA
     F5BB   AA           4598          .BYTE $AA
     F5BC   AA           4599          .BYTE $AA
     F5BD   AA           4600          .BYTE $AA
     F5BE   AA           4601          .BYTE $AA
     F5BF   AA           4602          .BYTE $AA
     F5C0   AA           4603          .BYTE $AA
     F5C1   AA           4604          .BYTE $AA
     F5C2   AA           4605          .BYTE $AA
     F5C3   AA           4606          .BYTE $AA
     F5C4   AA           4607          .BYTE $AA
     F5C5   AA           4608          .BYTE $AA
     F5C6   AA           4609          .BYTE $AA
     F5C7   AA           4610          .BYTE $AA
     F5C8   AA           4611          .BYTE $AA
     F5C9   AA           4612          .BYTE $AA
     F5CA   AA           4613          .BYTE $AA
     F5CB   AA           4614          .BYTE $AA
     F5CC   AA           4615          .BYTE $AA
     F5CD   AA           4616          .BYTE $AA
     F5CE   AA           4617          .BYTE $AA
     F5CF   AA           4618          .BYTE $AA
     F5D0   AA           4619          .BYTE $AA
     F5D1   AA           4620          .BYTE $AA
     F5D2   AA           4621          .BYTE $AA
     F5D3   AA           4622          .BYTE $AA
     F5D4   AA           4623          .BYTE $AA
     F5D5   AA           4624          .BYTE $AA
     F5D6   AA           4625          .BYTE $AA
     F5D7   AA           4626          .BYTE $AA
     F5D8   AA           4627          .BYTE $AA
     F5D9   AA           4628          .BYTE $AA
     F5DA   AA           4629          .BYTE $AA
     F5DB   AA           4630          .BYTE $AA
     F5DC   AA           4631          .BYTE $AA
     F5DD   AA           4632          .BYTE $AA
     F5DE   AA           4633          .BYTE $AA
     F5DF   AA           4634          .BYTE $AA
.MAIN.  Commodore 6502ASM V072882    Page 2-94
   FILLER.ASM

Error Addr  Code          Seq   Source statement

     F5E0   AA           4635          .BYTE $AA
     F5E1   AA           4636          .BYTE $AA
     F5E2   AA           4637          .BYTE $AA
     F5E3   AA           4638          .BYTE $AA
     F5E4   AA           4639          .BYTE $AA
     F5E5   AA           4640          .BYTE $AA
     F5E6   AA           4641          .BYTE $AA
     F5E7   AA           4642          .BYTE $AA
     F5E8   AA           4643          .BYTE $AA
     F5E9   AA           4644          .BYTE $AA
     F5EA   AA           4645          .BYTE $AA
     F5EB   AA           4646          .BYTE $AA
     F5EC   AA           4647          .BYTE $AA
     F5ED   AA           4648          .BYTE $AA
     F5EE   AA           4649          .BYTE $AA
     F5EF   AA           4650          .BYTE $AA
     F5F0   AA           4651          .BYTE $AA
     F5F1   AA           4652          .BYTE $AA
     F5F2   AA           4653          .BYTE $AA
     F5F3   AA           4654          .BYTE $AA
     F5F4   AA           4655          .BYTE $AA
     F5F5   AA           4656          .BYTE $AA
     F5F6   AA           4657          .BYTE $AA
     F5F7   AA           4658          .BYTE $AA
     F5F8   AA           4659          .BYTE $AA
     F5F9   AA           4660          .BYTE $AA
     F5FA   AA           4661          .BYTE $AA
     F5FB   AA           4662          .BYTE $AA
     F5FC   AA           4663          .BYTE $AA
     F5FD   AA           4664          .BYTE $AA
     F5FE   AA           4665          .BYTE $AA
     F5FF   AA           4666          .BYTE $AA
     F600   AA           4667          .BYTE $AA
     F601   AA           4668          .BYTE $AA
     F602   AA           4669          .BYTE $AA
     F603   AA           4670          .BYTE $AA
     F604   AA           4671          .BYTE $AA
     F605   AA           4672          .BYTE $AA
     F606   AA           4673          .BYTE $AA
     F607   AA           4674          .BYTE $AA
     F608   AA           4675          .BYTE $AA
     F609   AA           4676          .BYTE $AA
     F60A   AA           4677          .BYTE $AA
     F60B   AA           4678          .BYTE $AA
     F60C   AA           4679          .BYTE $AA
     F60D   AA           4680          .BYTE $AA
     F60E   AA           4681          .BYTE $AA
     F60F   AA           4682          .BYTE $AA
     F610   AA           4683          .BYTE $AA
     F611   AA           4684          .BYTE $AA
.MAIN.  Commodore 6502ASM V072882    Page 2-95
   FILLER.ASM

Error Addr  Code          Seq   Source statement

     F612   AA           4685          .BYTE $AA
     F613   AA           4686          .BYTE $AA
     F614   AA           4687          .BYTE $AA
     F615   AA           4688          .BYTE $AA
     F616   AA           4689          .BYTE $AA
     F617   AA           4690          .BYTE $AA
     F618   AA           4691          .BYTE $AA
     F619   AA           4692          .BYTE $AA
     F61A   AA           4693          .BYTE $AA
     F61B   AA           4694          .BYTE $AA
     F61C   AA           4695          .BYTE $AA
     F61D   AA           4696          .BYTE $AA
     F61E   AA           4697          .BYTE $AA
     F61F   AA           4698          .BYTE $AA
     F620   AA           4699          .BYTE $AA
     F621   AA           4700          .BYTE $AA
     F622   AA           4701          .BYTE $AA
     F623   AA           4702          .BYTE $AA
     F624   AA           4703          .BYTE $AA
     F625   AA           4704          .BYTE $AA
     F626   AA           4705          .BYTE $AA
     F627   AA           4706          .BYTE $AA
     F628   AA           4707          .BYTE $AA
     F629   AA           4708          .BYTE $AA
     F62A   AA           4709          .BYTE $AA
     F62B   AA           4710          .BYTE $AA
     F62C   AA           4711          .BYTE $AA
     F62D   AA           4712          .BYTE $AA
     F62E   AA           4713          .BYTE $AA
     F62F   AA           4714          .BYTE $AA
     F630   AA           4715          .BYTE $AA
     F631   AA           4716          .BYTE $AA
     F632   AA           4717          .BYTE $AA
     F633   AA           4718          .BYTE $AA
     F634   AA           4719          .BYTE $AA
     F635   AA           4720          .BYTE $AA
     F636   AA           4721          .BYTE $AA
     F637   AA           4722          .BYTE $AA
     F638   AA           4723          .BYTE $AA
     F639   AA           4724          .BYTE $AA
     F63A   AA           4725          .BYTE $AA
     F63B   AA           4726          .BYTE $AA
     F63C   AA           4727          .BYTE $AA
     F63D   AA           4728          .BYTE $AA
     F63E   AA           4729          .BYTE $AA
     F63F   AA           4730          .BYTE $AA
     F640   AA           4731          .BYTE $AA
     F641   AA           4732          .BYTE $AA
     F642   AA           4733          .BYTE $AA
     F643   AA           4734          .BYTE $AA
.MAIN.  Commodore 6502ASM V072882    Page 2-96
   FILLER.ASM

Error Addr  Code          Seq   Source statement

     F644   AA           4735          .BYTE $AA
     F645   AA           4736          .BYTE $AA
     F646   AA           4737          .BYTE $AA
     F647   AA           4738          .BYTE $AA
     F648   AA           4739          .BYTE $AA
     F649   AA           4740          .BYTE $AA
     F64A   AA           4741          .BYTE $AA
     F64B   AA           4742          .BYTE $AA
     F64C   AA           4743          .BYTE $AA
     F64D   AA           4744          .BYTE $AA
     F64E   AA           4745          .BYTE $AA
     F64F   AA           4746          .BYTE $AA
     F650   AA           4747          .BYTE $AA
     F651   AA           4748          .BYTE $AA
     F652   AA           4749          .BYTE $AA
     F653   AA           4750          .BYTE $AA
     F654   AA           4751          .BYTE $AA
     F655   AA           4752          .BYTE $AA
     F656   AA           4753          .BYTE $AA
     F657   AA           4754          .BYTE $AA
     F658   AA           4755          .BYTE $AA
     F659   AA           4756          .BYTE $AA
     F65A   AA           4757          .BYTE $AA
     F65B   AA           4758          .BYTE $AA
     F65C   AA           4759          .BYTE $AA
     F65D   AA           4760          .BYTE $AA
     F65E   AA           4761          .BYTE $AA
     F65F   AA           4762          .BYTE $AA
     F660   AA           4763          .BYTE $AA
     F661   AA           4764          .BYTE $AA
     F662   AA           4765          .BYTE $AA
     F663   AA           4766          .BYTE $AA
     F664   AA           4767          .BYTE $AA
     F665   AA           4768          .BYTE $AA
     F666   AA           4769          .BYTE $AA
     F667   AA           4770          .BYTE $AA
     F668   AA           4771          .BYTE $AA
     F669   AA           4772          .BYTE $AA
     F66A   AA           4773          .BYTE $AA
     F66B   AA           4774          .BYTE $AA
     F66C   AA           4775          .BYTE $AA
     F66D   AA           4776          .BYTE $AA
     F66E   AA           4777          .BYTE $AA
     F66F   AA           4778          .BYTE $AA
     F670   AA           4779          .BYTE $AA
     F671   AA           4780          .BYTE $AA
     F672   AA           4781          .BYTE $AA
     F673   AA           4782          .BYTE $AA
     F674   AA           4783          .BYTE $AA
     F675   AA           4784          .BYTE $AA
.MAIN.  Commodore 6502ASM V072882    Page 2-97
   FILLER.ASM

Error Addr  Code          Seq   Source statement

     F676   AA           4785          .BYTE $AA
     F677   AA           4786          .BYTE $AA
     F678   AA           4787          .BYTE $AA
     F679   AA           4788          .BYTE $AA
     F67A   AA           4789          .BYTE $AA
     F67B   AA           4790          .BYTE $AA
     F67C   AA           4791          .BYTE $AA
     F67D   AA           4792          .BYTE $AA
     F67E   AA           4793          .BYTE $AA
     F67F   AA           4794          .BYTE $AA
     F680   AA           4795          .BYTE $AA
     F681   AA           4796          .BYTE $AA
     F682   AA           4797          .BYTE $AA
     F683   AA           4798          .BYTE $AA
     F684   AA           4799          .BYTE $AA
     F685   AA           4800          .BYTE $AA
     F686   AA           4801          .BYTE $AA
     F687   AA           4802          .BYTE $AA
     F688   AA           4803          .BYTE $AA
     F689   AA           4804          .BYTE $AA
     F68A   AA           4805          .BYTE $AA
     F68B   AA           4806          .BYTE $AA
     F68C   AA           4807          .BYTE $AA
     F68D   AA           4808          .BYTE $AA
     F68E   AA           4809          .BYTE $AA
     F68F   AA           4810          .BYTE $AA
     F690   AA           4811          .BYTE $AA
     F691   AA           4812          .BYTE $AA
     F692   AA           4813          .BYTE $AA
     F693   AA           4814          .BYTE $AA
     F694   AA           4815          .BYTE $AA
     F695   AA           4816          .BYTE $AA
     F696   AA           4817          .BYTE $AA
     F697   AA           4818          .BYTE $AA
     F698   AA           4819          .BYTE $AA
     F699   AA           4820          .BYTE $AA
     F69A   AA           4821          .BYTE $AA
     F69B   AA           4822          .BYTE $AA
     F69C   AA           4823          .BYTE $AA
     F69D   AA           4824          .BYTE $AA
     F69E   AA           4825          .BYTE $AA
     F69F   AA           4826          .BYTE $AA
     F6A0   AA           4827          .BYTE $AA
     F6A1   AA           4828          .BYTE $AA
     F6A2   AA           4829          .BYTE $AA
     F6A3   AA           4830          .BYTE $AA
     F6A4   AA           4831          .BYTE $AA
     F6A5   AA           4832          .BYTE $AA
     F6A6   AA           4833          .BYTE $AA
     F6A7   AA           4834          .BYTE $AA
.MAIN.  Commodore 6502ASM V072882    Page 2-98
   FILLER.ASM

Error Addr  Code          Seq   Source statement

     F6A8   AA           4835          .BYTE $AA
     F6A9   AA           4836          .BYTE $AA
     F6AA   AA           4837          .BYTE $AA
     F6AB   AA           4838          .BYTE $AA
     F6AC   AA           4839          .BYTE $AA
     F6AD   AA           4840          .BYTE $AA
     F6AE   AA           4841          .BYTE $AA
     F6AF   AA           4842          .BYTE $AA
     F6B0   AA           4843          .BYTE $AA
     F6B1   AA           4844          .BYTE $AA
     F6B2   AA           4845          .BYTE $AA
     F6B3   AA           4846          .BYTE $AA
     F6B4   AA           4847          .BYTE $AA
     F6B5   AA           4848          .BYTE $AA
     F6B6   AA           4849          .BYTE $AA
     F6B7   AA           4850          .BYTE $AA
     F6B8   AA           4851          .BYTE $AA
     F6B9   AA           4852          .BYTE $AA
     F6BA   AA           4853          .BYTE $AA
     F6BB   AA           4854          .BYTE $AA
     F6BC   AA           4855          .BYTE $AA
     F6BD   AA           4856          .BYTE $AA
     F6BE   AA           4857          .BYTE $AA
     F6BF   AA           4858          .BYTE $AA
     F6C0   AA           4859          .BYTE $AA
     F6C1   AA           4860          .BYTE $AA
     F6C2   AA           4861          .BYTE $AA
     F6C3   AA           4862          .BYTE $AA
     F6C4   AA           4863          .BYTE $AA
     F6C5   AA           4864          .BYTE $AA
     F6C6   AA           4865          .BYTE $AA
     F6C7   AA           4866          .BYTE $AA
     F6C8   AA           4867          .BYTE $AA
     F6C9   AA           4868          .BYTE $AA
     F6CA   AA           4869          .BYTE $AA
     F6CB   AA           4870          .BYTE $AA
     F6CC   AA           4871          .BYTE $AA
     F6CD   AA           4872          .BYTE $AA
     F6CE   AA           4873          .BYTE $AA
     F6CF   AA           4874          .BYTE $AA
     F6D0   AA           4875          .BYTE $AA
     F6D1   AA           4876          .BYTE $AA
     F6D2   AA           4877          .BYTE $AA
     F6D3   AA           4878          .BYTE $AA
     F6D4   AA           4879          .BYTE $AA
     F6D5   AA           4880          .BYTE $AA
     F6D6   AA           4881          .BYTE $AA
     F6D7   AA           4882          .BYTE $AA
     F6D8   AA           4883          .BYTE $AA
     F6D9   AA           4884          .BYTE $AA
.MAIN.  Commodore 6502ASM V072882    Page 2-99
   FILLER.ASM

Error Addr  Code          Seq   Source statement

     F6DA   AA           4885          .BYTE $AA
     F6DB   AA           4886          .BYTE $AA
     F6DC   AA           4887          .BYTE $AA
     F6DD   AA           4888          .BYTE $AA
     F6DE   AA           4889          .BYTE $AA
     F6DF   AA           4890          .BYTE $AA
     F6E0   AA           4891          .BYTE $AA
     F6E1   AA           4892          .BYTE $AA
     F6E2   AA           4893          .BYTE $AA
     F6E3   AA           4894          .BYTE $AA
     F6E4   AA           4895          .BYTE $AA
     F6E5   AA           4896          .BYTE $AA
     F6E6   AA           4897          .BYTE $AA
     F6E7   AA           4898          .BYTE $AA
     F6E8   AA           4899          .BYTE $AA
     F6E9   AA           4900          .BYTE $AA
     F6EA   AA           4901          .BYTE $AA
     F6EB   AA           4902          .BYTE $AA
     F6EC   AA           4903          .BYTE $AA
     F6ED   AA           4904          .BYTE $AA
     F6EE   AA           4905          .BYTE $AA
     F6EF   AA           4906          .BYTE $AA
     F6F0   AA           4907          .BYTE $AA
     F6F1   AA           4908          .BYTE $AA
     F6F2   AA           4909          .BYTE $AA
     F6F3   AA           4910          .BYTE $AA
     F6F4   AA           4911          .BYTE $AA
     F6F5   AA           4912          .BYTE $AA
     F6F6   AA           4913          .BYTE $AA
     F6F7   AA           4914          .BYTE $AA
     F6F8   AA           4915          .BYTE $AA
     F6F9   AA           4916          .BYTE $AA
     F6FA   AA           4917          .BYTE $AA
     F6FB   AA           4918          .BYTE $AA
     F6FC   AA           4919          .BYTE $AA
     F6FD   AA           4920          .BYTE $AA
     F6FE   AA           4921          .BYTE $AA
     F6FF   AA           4922          .BYTE $AA
     F700   AA           4923          .BYTE $AA
     F701   AA           4924          .BYTE $AA
     F702   AA           4925          .BYTE $AA
     F703   AA           4926          .BYTE $AA
     F704   AA           4927          .BYTE $AA
     F705   AA           4928          .BYTE $AA
     F706   AA           4929          .BYTE $AA
     F707   AA           4930          .BYTE $AA
     F708   AA           4931          .BYTE $AA
     F709   AA           4932          .BYTE $AA
     F70A   AA           4933          .BYTE $AA
     F70B   AA           4934          .BYTE $AA
.MAIN.  Commodore 6502ASM V072882    Page 2-100
   FILLER.ASM

Error Addr  Code          Seq   Source statement

     F70C   AA           4935          .BYTE $AA
     F70D   AA           4936          .BYTE $AA
     F70E   AA           4937          .BYTE $AA
     F70F   AA           4938          .BYTE $AA
     F710   AA           4939          .BYTE $AA
     F711   AA           4940          .BYTE $AA
     F712   AA           4941          .BYTE $AA
     F713   AA           4942          .BYTE $AA
     F714   AA           4943          .BYTE $AA
     F715   AA           4944          .BYTE $AA
     F716   AA           4945          .BYTE $AA
     F717   AA           4946          .BYTE $AA
     F718   AA           4947          .BYTE $AA
     F719   AA           4948          .BYTE $AA
     F71A   AA           4949          .BYTE $AA
     F71B   AA           4950          .BYTE $AA
     F71C   AA           4951          .BYTE $AA
     F71D   AA           4952          .BYTE $AA
     F71E   AA           4953          .BYTE $AA
     F71F   AA           4954          .BYTE $AA
     F720   AA           4955          .BYTE $AA
     F721   AA           4956          .BYTE $AA
     F722   AA           4957          .BYTE $AA
     F723   AA           4958          .BYTE $AA
     F724   AA           4959          .BYTE $AA
     F725   AA           4960          .BYTE $AA
     F726   AA           4961          .BYTE $AA
     F727   AA           4962          .BYTE $AA
     F728   AA           4963          .BYTE $AA
     F729   AA           4964          .BYTE $AA
     F72A   AA           4965          .BYTE $AA
     F72B   AA           4966          .BYTE $AA
     F72C   AA           4967          .BYTE $AA
     F72D   AA           4968          .BYTE $AA
     F72E   AA           4969          .BYTE $AA
     F72F   AA           4970          .BYTE $AA
     F730   AA           4971          .BYTE $AA
     F731   AA           4972          .BYTE $AA
     F732   AA           4973          .BYTE $AA
     F733   AA           4974          .BYTE $AA
     F734   AA           4975          .BYTE $AA
     F735   AA           4976          .BYTE $AA
     F736   AA           4977          .BYTE $AA
     F737   AA           4978          .BYTE $AA
     F738   AA           4979          .BYTE $AA
     F739   AA           4980          .BYTE $AA
     F73A   AA           4981          .BYTE $AA
     F73B   AA           4982          .BYTE $AA
     F73C   AA           4983          .BYTE $AA
     F73D   AA           4984          .BYTE $AA
.MAIN.  Commodore 6502ASM V072882    Page 2-101
   FILLER.ASM

Error Addr  Code          Seq   Source statement

     F73E   AA           4985          .BYTE $AA
     F73F   AA           4986          .BYTE $AA
     F740   AA           4987          .BYTE $AA
     F741   AA           4988          .BYTE $AA
     F742   AA           4989          .BYTE $AA
     F743   AA           4990          .BYTE $AA
     F744   AA           4991          .BYTE $AA
     F745   AA           4992          .BYTE $AA
     F746   AA           4993          .BYTE $AA
     F747   AA           4994          .BYTE $AA
     F748   AA           4995          .BYTE $AA
     F749   AA           4996          .BYTE $AA
     F74A   AA           4997          .BYTE $AA
     F74B   AA           4998          .BYTE $AA
     F74C   AA           4999          .BYTE $AA
     F74D   AA           5000          .BYTE $AA
     F74E   AA           5001          .BYTE $AA
     F74F   AA           5002          .BYTE $AA
     F750   AA           5003          .BYTE $AA
     F751   AA           5004          .BYTE $AA
     F752   AA           5005          .BYTE $AA
     F753   AA           5006          .BYTE $AA
     F754   AA           5007          .BYTE $AA
     F755   AA           5008          .BYTE $AA
     F756   AA           5009          .BYTE $AA
     F757   AA           5010          .BYTE $AA
     F758   AA           5011          .BYTE $AA
     F759   AA           5012          .BYTE $AA
     F75A   AA           5013          .BYTE $AA
     F75B   AA           5014          .BYTE $AA
     F75C   AA           5015          .BYTE $AA
     F75D   AA           5016          .BYTE $AA
     F75E   AA           5017          .BYTE $AA
     F75F   AA           5018          .BYTE $AA
     F760   AA           5019          .BYTE $AA
     F761   AA           5020          .BYTE $AA
     F762   AA           5021          .BYTE $AA
     F763   AA           5022          .BYTE $AA
     F764   AA           5023          .BYTE $AA
     F765   AA           5024          .BYTE $AA
     F766   AA           5025          .BYTE $AA
     F767   AA           5026          .BYTE $AA
     F768   AA           5027          .BYTE $AA
     F769   AA           5028          .BYTE $AA
     F76A   AA           5029          .BYTE $AA
     F76B   AA           5030          .BYTE $AA
     F76C   AA           5031          .BYTE $AA
     F76D   AA           5032          .BYTE $AA
     F76E   AA           5033          .BYTE $AA
     F76F   AA           5034          .BYTE $AA
.MAIN.  Commodore 6502ASM V072882    Page 2-102
   FILLER.ASM

Error Addr  Code          Seq   Source statement

     F770   AA           5035          .BYTE $AA
     F771   AA           5036          .BYTE $AA
     F772   AA           5037          .BYTE $AA
     F773   AA           5038          .BYTE $AA
     F774   AA           5039          .BYTE $AA
     F775   AA           5040          .BYTE $AA
     F776   AA           5041          .BYTE $AA
     F777   AA           5042          .BYTE $AA
     F778   AA           5043          .BYTE $AA
     F779   AA           5044          .BYTE $AA
     F77A   AA           5045          .BYTE $AA
     F77B   AA           5046          .BYTE $AA
     F77C   AA           5047          .BYTE $AA
     F77D   AA           5048          .BYTE $AA
     F77E   AA           5049          .BYTE $AA
     F77F   AA           5050          .BYTE $AA
     F780   AA           5051          .BYTE $AA
     F781   AA           5052          .BYTE $AA
     F782   AA           5053          .BYTE $AA
     F783   AA           5054          .BYTE $AA
     F784   AA           5055          .BYTE $AA
     F785   AA           5056          .BYTE $AA
     F786   AA           5057          .BYTE $AA
     F787   AA           5058          .BYTE $AA
     F788   AA           5059          .BYTE $AA
     F789   AA           5060          .BYTE $AA
     F78A   AA           5061          .BYTE $AA
     F78B   AA           5062          .BYTE $AA
     F78C   AA           5063          .BYTE $AA
     F78D   AA           5064          .BYTE $AA
     F78E   AA           5065          .BYTE $AA
     F78F   AA           5066          .BYTE $AA
     F790   AA           5067          .BYTE $AA
     F791   AA           5068          .BYTE $AA
     F792   AA           5069          .BYTE $AA
     F793   AA           5070          .BYTE $AA
     F794   AA           5071          .BYTE $AA
     F795   AA           5072          .BYTE $AA
     F796   AA           5073          .BYTE $AA
     F797   AA           5074          .BYTE $AA
     F798   AA           5075          .BYTE $AA
     F799   AA           5076          .BYTE $AA
     F79A   AA           5077          .BYTE $AA
     F79B   AA           5078          .BYTE $AA
     F79C   AA           5079          .BYTE $AA
     F79D   AA           5080          .BYTE $AA
     F79E   AA           5081          .BYTE $AA
     F79F   AA           5082          .BYTE $AA
     F7A0   AA           5083          .BYTE $AA
     F7A1   AA           5084          .BYTE $AA
.MAIN.  Commodore 6502ASM V072882    Page 2-103
   FILLER.ASM

Error Addr  Code          Seq   Source statement

     F7A2   AA           5085          .BYTE $AA
     F7A3   AA           5086          .BYTE $AA
     F7A4   AA           5087          .BYTE $AA
     F7A5   AA           5088          .BYTE $AA
     F7A6   AA           5089          .BYTE $AA
     F7A7   AA           5090          .BYTE $AA
     F7A8   AA           5091          .BYTE $AA
     F7A9   AA           5092          .BYTE $AA
     F7AA   AA           5093          .BYTE $AA
     F7AB   AA           5094          .BYTE $AA
     F7AC   AA           5095          .BYTE $AA
     F7AD   AA           5096          .BYTE $AA
     F7AE   AA           5097          .BYTE $AA
     F7AF   AA           5098          .BYTE $AA
     F7B0   AA           5099          .BYTE $AA
     F7B1   AA           5100          .BYTE $AA
     F7B2   AA           5101          .BYTE $AA
     F7B3   AA           5102          .BYTE $AA
     F7B4   AA           5103          .BYTE $AA
     F7B5   AA           5104          .BYTE $AA
     F7B6   AA           5105          .BYTE $AA
     F7B7   AA           5106          .BYTE $AA
     F7B8   AA           5107          .BYTE $AA
     F7B9   AA           5108          .BYTE $AA
     F7BA   AA           5109          .BYTE $AA
     F7BB   AA           5110          .BYTE $AA
     F7BC   AA           5111          .BYTE $AA
     F7BD   AA           5112          .BYTE $AA
     F7BE   AA           5113          .BYTE $AA
     F7BF   AA           5114          .BYTE $AA
     F7C0   AA           5115          .BYTE $AA
     F7C1   AA           5116          .BYTE $AA
     F7C2   AA           5117          .BYTE $AA
     F7C3   AA           5118          .BYTE $AA
     F7C4   AA           5119          .BYTE $AA
     F7C5   AA           5120          .BYTE $AA
     F7C6   AA           5121          .BYTE $AA
     F7C7   AA           5122          .BYTE $AA
     F7C8   AA           5123          .BYTE $AA
     F7C9   AA           5124          .BYTE $AA
     F7CA   AA           5125          .BYTE $AA
     F7CB   AA           5126          .BYTE $AA
     F7CC   AA           5127          .BYTE $AA
     F7CD   AA           5128          .BYTE $AA
     F7CE   AA           5129          .BYTE $AA
     F7CF   AA           5130          .BYTE $AA
     F7D0   AA           5131          .BYTE $AA
     F7D1   AA           5132          .BYTE $AA
     F7D2   AA           5133          .BYTE $AA
     F7D3   AA           5134          .BYTE $AA
.MAIN.  Commodore 6502ASM V072882    Page 2-104
   FILLER.ASM

Error Addr  Code          Seq   Source statement

     F7D4   AA           5135          .BYTE $AA
     F7D5   AA           5136          .BYTE $AA
     F7D6   AA           5137          .BYTE $AA
     F7D7   AA           5138          .BYTE $AA
     F7D8   AA           5139          .BYTE $AA
     F7D9   AA           5140          .BYTE $AA
     F7DA   AA           5141          .BYTE $AA
     F7DB   AA           5142          .BYTE $AA
     F7DC   AA           5143          .BYTE $AA
     F7DD   AA           5144          .BYTE $AA
     F7DE   AA           5145          .BYTE $AA
     F7DF   AA           5146          .BYTE $AA
     F7E0   AA           5147          .BYTE $AA
     F7E1   AA           5148          .BYTE $AA
     F7E2   AA           5149          .BYTE $AA
     F7E3   AA           5150          .BYTE $AA
     F7E4   AA           5151          .BYTE $AA
     F7E5   AA           5152          .BYTE $AA
     F7E6   AA           5153          .BYTE $AA
     F7E7   AA           5154          .BYTE $AA
     F7E8   AA           5155          .BYTE $AA
     F7E9   AA           5156          .BYTE $AA
     F7EA   AA           5157          .BYTE $AA
     F7EB   AA           5158          .BYTE $AA
     F7EC   AA           5159          .BYTE $AA
     F7ED   AA           5160          .BYTE $AA
     F7EE   AA           5161          .BYTE $AA
     F7EF   AA           5162          .BYTE $AA
     F7F0   AA           5163          .BYTE $AA
     F7F1   AA           5164          .BYTE $AA
     F7F2   AA           5165          .BYTE $AA
     F7F3   AA           5166          .BYTE $AA
     F7F4   AA           5167          .BYTE $AA
     F7F5   AA           5168          .BYTE $AA
     F7F6   AA           5169          .BYTE $AA
     F7F7   AA           5170          .BYTE $AA
     F7F8   AA           5171          .BYTE $AA
     F7F9   AA           5172          .BYTE $AA
     F7FA   AA           5173          .BYTE $AA
     F7FB   AA           5174          .BYTE $AA
     F7FC   AA           5175          .BYTE $AA
     F7FD   AA           5176          .BYTE $AA
     F7FE   AA           5177          .BYTE $AA
     F7FF   AA           5178          .BYTE $AA
                         5179   ;********************************
                         5180   ;
                         5181   ;********************************
                         5182   ;********************************
                         5183   ; ZZF800 NOT DEFINESD
                         5184   ; TITLE GRAPHIC SCREEN
.MAIN.  Commodore 6502ASM V072882    Page 2-105
   JUPITERLANDER.asm

Error Addr  Code          Seq   Source statement

                         5185   ; JUPITER
                         5186   ; LANDER
                         5187   ; BACKGROUND
                         5188   ; AFFECTS TITLE, INSTRUCTION AND
                         5189   ; GAME PLAY SCREEN
                         5190   ;********************************
     F800                5191   ZZF800
                         5192    .LIB graphic2.asm
                         5193   ;********************************
                         5194   ; ZZF800 TITLE GRAPHIC SCREEN
                         5195   ; TITLE GRAPHIC SCREEN
                         5196   ; JUPITER
                         5197   ; LANDER
                         5198   ; BACKGROUND
                         5199   ; AFFECTS TITLE, INSTRUCTION AND
                         5200   ; GAME PLAY SCREEN
                         5201   ;********************************
     F800   00           5202          .BYTE $00
     F801   00           5203          .BYTE $00
     F802   00           5204          .BYTE $00
     F803   00           5205          .BYTE $00
     F804   00           5206          .BYTE $00
     F805   00           5207          .BYTE $00
     F806   00           5208          .BYTE $00
     F807   00           5209          .BYTE $00
     F808   FF           5210          .BYTE $FF
     F809   FF           5211          .BYTE $FF
     F80A   FF           5212          .BYTE $FF
     F80B   FF           5213          .BYTE $FF
     F80C   FF           5214          .BYTE $FF
     F80D   FF           5215          .BYTE $FF
     F80E   FF           5216          .BYTE $FF
     F80F   FF           5217          .BYTE $FF
     F810   FF           5218          .BYTE $FF
     F811   BD           5219          .BYTE $BD
     F812   DB           5220          .BYTE $DB
     F813   E7           5221          .BYTE $E7
     F814   E7           5222          .BYTE $E7
     F815   DB           5223          .BYTE $DB
     F816   BD           5224          .BYTE $BD
     F817   FF           5225          .BYTE $FF
     F818   C3           5226          .BYTE $C3
     F819   BD           5227          .BYTE $BD
     F81A   FD           5228          .BYTE $FD
     F81B   F3           5229          .BYTE $F3
     F81C   CF           5230          .BYTE $CF
     F81D   BF           5231          .BYTE $BF
     F81E   81           5232          .BYTE $81
     F81F   FF           5233          .BYTE $FF
     F820   81           5234          .BYTE $81
.MAIN.  Commodore 6502ASM V072882    Page 2-106
   GRAPHIC2.ASM

Error Addr  Code          Seq   Source statement

     F821   BF           5235          .BYTE $BF
     F822   87           5236          .BYTE $87
     F823   FB           5237          .BYTE $FB
     F824   FD           5238          .BYTE $FD
     F825   BB           5239          .BYTE $BB
     F826   C7           5240          .BYTE $C7
     F827   FF           5241          .BYTE $FF
     F828   F7           5242          .BYTE $F7
     F829   E7           5243          .BYTE $E7
     F82A   D7           5244          .BYTE $D7
     F82B   F7           5245          .BYTE $F7
     F82C   F7           5246          .BYTE $F7
     F82D   F7           5247          .BYTE $F7
     F82E   C1           5248          .BYTE $C1
     F82F   FF           5249          .BYTE $FF
     F830   C3           5250          .BYTE $C3
     F831   BD           5251          .BYTE $BD
     F832   B9           5252          .BYTE $B9
     F833   A5           5253          .BYTE $A5
     F834   9D           5254          .BYTE $9D
     F835   BD           5255          .BYTE $BD
     F836   C3           5256          .BYTE $C3
     F837   FF           5257          .BYTE $FF
     F838   55           5258          .BYTE $55
     F839   AA           5259          .BYTE $AA
     F83A   55           5260          .BYTE $55
     F83B   AA           5261          .BYTE $AA
     F83C   FF           5262          .BYTE $FF
     F83D   FF           5263          .BYTE $FF
     F83E   FF           5264          .BYTE $FF
     F83F   FF           5265          .BYTE $FF
     F840   00           5266          .BYTE $00
     F841   7E           5267          .BYTE $7E
     F842   2A           5268          .BYTE $2A
     F843   2A           5269          .BYTE $2A
     F844   2B           5270          .BYTE $2B
     F845   02           5271          .BYTE $02
     F846   04           5272          .BYTE $04
     F847   08           5273          .BYTE $08
     F848   10           5274          .BYTE $10
     F849   20           5275          .BYTE $20
     F84A   40           5276          .BYTE $40
     F84B   9C           5277          .BYTE $9C
     F84C   22           5278          .BYTE $22
     F84D   18           5279          .BYTE $18
     F84E   44           5280          .BYTE $44
     F84F   38           5281          .BYTE $38
     F850   00           5282          .BYTE $00
     F851   00           5283          .BYTE $00
     F852   00           5284          .BYTE $00
.MAIN.  Commodore 6502ASM V072882    Page 2-107
   GRAPHIC2.ASM

Error Addr  Code          Seq   Source statement

     F853   00           5285          .BYTE $00
     F854   00           5286          .BYTE $00
     F855   00           5287          .BYTE $00
     F856   FF           5288          .BYTE $FF
     F857   FF           5289          .BYTE $FF
     F858   FF           5290          .BYTE $FF
     F859   FF           5291          .BYTE $FF
     F85A   00           5292          .BYTE $00
     F85B   00           5293          .BYTE $00
     F85C   00           5294          .BYTE $00
     F85D   00           5295          .BYTE $00
     F85E   00           5296          .BYTE $00
     F85F   00           5297          .BYTE $00
     F860   FF           5298          .BYTE $FF
     F861   E0           5299          .BYTE $E0
     F862   C0           5300          .BYTE $C0
     F863   80           5301          .BYTE $80
     F864   07           5302          .BYTE $07
     F865   0F           5303          .BYTE $0F
     F866   0F           5304          .BYTE $0F
     F867   0F           5305          .BYTE $0F
     F868   FF           5306          .BYTE $FF
     F869   3F           5307          .BYTE $3F
     F86A   3F           5308          .BYTE $3F
     F86B   3F           5309          .BYTE $3F
     F86C   C0           5310          .BYTE $C0
     F86D   C1           5311          .BYTE $C1
     F86E   C3           5312          .BYTE $C3
     F86F   FF           5313          .BYTE $FF
     F870   0F           5314          .BYTE $0F
     F871   0F           5315          .BYTE $0F
     F872   0F           5316          .BYTE $0F
     F873   07           5317          .BYTE $07
     F874   80           5318          .BYTE $80
     F875   C0           5319          .BYTE $C0
     F876   E0           5320          .BYTE $E0
     F877   FF           5321          .BYTE $FF
     F878   C3           5322          .BYTE $C3
     F879   C1           5323          .BYTE $C1
     F87A   C0           5324          .BYTE $C0
     F87B   BF           5325          .BYTE $BF
     F87C   3F           5326          .BYTE $3F
     F87D   3F           5327          .BYTE $3F
     F87E   7F           5328          .BYTE $7F
     F87F   FF           5329          .BYTE $FF
     F880   00           5330          .BYTE $00
     F881   00           5331          .BYTE $00
     F882   00           5332          .BYTE $00
     F883   00           5333          .BYTE $00
     F884   00           5334          .BYTE $00
.MAIN.  Commodore 6502ASM V072882    Page 2-108
   GRAPHIC2.ASM

Error Addr  Code          Seq   Source statement

     F885   00           5335          .BYTE $00
     F886   00           5336          .BYTE $00
     F887   00           5337          .BYTE $00
     F888   80           5338          .BYTE $80
     F889   80           5339          .BYTE $80
     F88A   80           5340          .BYTE $80
     F88B   80           5341          .BYTE $80
     F88C   80           5342          .BYTE $80
     F88D   80           5343          .BYTE $80
     F88E   80           5344          .BYTE $80
     F88F   80           5345          .BYTE $80
     F890   C0           5346          .BYTE $C0
     F891   C0           5347          .BYTE $C0
     F892   C0           5348          .BYTE $C0
     F893   C0           5349          .BYTE $C0
     F894   C0           5350          .BYTE $C0
     F895   C0           5351          .BYTE $C0
     F896   C0           5352          .BYTE $C0
     F897   C0           5353          .BYTE $C0
     F898   E0           5354          .BYTE $E0
     F899   E0           5355          .BYTE $E0
     F89A   E0           5356          .BYTE $E0
     F89B   E0           5357          .BYTE $E0
     F89C   E0           5358          .BYTE $E0
     F89D   E0           5359          .BYTE $E0
     F89E   E0           5360          .BYTE $E0
     F89F   E0           5361          .BYTE $E0
     F8A0   F0           5362          .BYTE $F0
     F8A1   F0           5363          .BYTE $F0
     F8A2   F0           5364          .BYTE $F0
     F8A3   F0           5365          .BYTE $F0
     F8A4   F0           5366          .BYTE $F0
     F8A5   F0           5367          .BYTE $F0
     F8A6   F0           5368          .BYTE $F0
     F8A7   F0           5369          .BYTE $F0
     F8A8   F8           5370          .BYTE $F8
     F8A9   F8           5371          .BYTE $F8
     F8AA   F8           5372          .BYTE $F8
     F8AB   F8           5373          .BYTE $F8
     F8AC   F8           5374          .BYTE $F8
     F8AD   F8           5375          .BYTE $F8
     F8AE   F8           5376          .BYTE $F8
     F8AF   F8           5377          .BYTE $F8
     F8B0   FC           5378          .BYTE $FC
     F8B1   FC           5379          .BYTE $FC
     F8B2   FC           5380          .BYTE $FC
     F8B3   FC           5381          .BYTE $FC
     F8B4   FC           5382          .BYTE $FC
     F8B5   FC           5383          .BYTE $FC
     F8B6   FC           5384          .BYTE $FC
.MAIN.  Commodore 6502ASM V072882    Page 2-109
   GRAPHIC2.ASM

Error Addr  Code          Seq   Source statement

     F8B7   FC           5385          .BYTE $FC
     F8B8   FE           5386          .BYTE $FE
     F8B9   FE           5387          .BYTE $FE
     F8BA   FE           5388          .BYTE $FE
     F8BB   FE           5389          .BYTE $FE
     F8BC   FE           5390          .BYTE $FE
     F8BD   FE           5391          .BYTE $FE
     F8BE   FE           5392          .BYTE $FE
     F8BF   FE           5393          .BYTE $FE
     F8C0   00           5394          .BYTE $00
     F8C1   FF           5395          .BYTE $FF
     F8C2   FF           5396          .BYTE $FF
     F8C3   FF           5397          .BYTE $FF
     F8C4   FF           5398          .BYTE $FF
     F8C5   FF           5399          .BYTE $FF
     F8C6   FF           5400          .BYTE $FF
     F8C7   FF           5401          .BYTE $FF
     F8C8   FF           5402          .BYTE $FF
     F8C9   00           5403          .BYTE $00
     F8CA   FF           5404          .BYTE $FF
     F8CB   FF           5405          .BYTE $FF
     F8CC   FF           5406          .BYTE $FF
     F8CD   FF           5407          .BYTE $FF
     F8CE   FF           5408          .BYTE $FF
     F8CF   FF           5409          .BYTE $FF
     F8D0   FF           5410          .BYTE $FF
     F8D1   FF           5411          .BYTE $FF
     F8D2   00           5412          .BYTE $00
     F8D3   FF           5413          .BYTE $FF
     F8D4   FF           5414          .BYTE $FF
     F8D5   FF           5415          .BYTE $FF
     F8D6   FF           5416          .BYTE $FF
     F8D7   FF           5417          .BYTE $FF
     F8D8   FF           5418          .BYTE $FF
     F8D9   FF           5419          .BYTE $FF
     F8DA   FF           5420          .BYTE $FF
     F8DB   00           5421          .BYTE $00
     F8DC   FF           5422          .BYTE $FF
     F8DD   FF           5423          .BYTE $FF
     F8DE   FF           5424          .BYTE $FF
     F8DF   FF           5425          .BYTE $FF
     F8E0   FF           5426          .BYTE $FF
     F8E1   FF           5427          .BYTE $FF
     F8E2   FF           5428          .BYTE $FF
     F8E3   FF           5429          .BYTE $FF
     F8E4   00           5430          .BYTE $00
     F8E5   FF           5431          .BYTE $FF
     F8E6   FF           5432          .BYTE $FF
     F8E7   FF           5433          .BYTE $FF
     F8E8   FF           5434          .BYTE $FF
.MAIN.  Commodore 6502ASM V072882    Page 2-110
   GRAPHIC2.ASM

Error Addr  Code          Seq   Source statement

     F8E9   FF           5435          .BYTE $FF
     F8EA   FF           5436          .BYTE $FF
     F8EB   FF           5437          .BYTE $FF
     F8EC   FF           5438          .BYTE $FF
     F8ED   00           5439          .BYTE $00
     F8EE   FF           5440          .BYTE $FF
     F8EF   FF           5441          .BYTE $FF
     F8F0   FF           5442          .BYTE $FF
     F8F1   FF           5443          .BYTE $FF
     F8F2   FF           5444          .BYTE $FF
     F8F3   FF           5445          .BYTE $FF
     F8F4   FF           5446          .BYTE $FF
     F8F5   FF           5447          .BYTE $FF
     F8F6   00           5448          .BYTE $00
     F8F7   FF           5449          .BYTE $FF
     F8F8   FF           5450          .BYTE $FF
     F8F9   FF           5451          .BYTE $FF
     F8FA   FF           5452          .BYTE $FF
     F8FB   FF           5453          .BYTE $FF
     F8FC   FF           5454          .BYTE $FF
     F8FD   FF           5455          .BYTE $FF
     F8FE   FF           5456          .BYTE $FF
     F8FF   00           5457          .BYTE $00
     F900   80           5458          .BYTE $80
     F901   C0           5459          .BYTE $C0
     F902   E0           5460          .BYTE $E0
     F903   E0           5461          .BYTE $E0
     F904   F8           5462          .BYTE $F8
     F905   FE           5463          .BYTE $FE
     F906   FE           5464          .BYTE $FE
     F907   FF           5465          .BYTE $FF
     F908   80           5466          .BYTE $80
     F909   C0           5467          .BYTE $C0
     F90A   C0           5468          .BYTE $C0
     F90B   C0           5469          .BYTE $C0
     F90C   E0           5470          .BYTE $E0
     F90D   C0           5471          .BYTE $C0
     F90E   E0           5472          .BYTE $E0
     F90F   F0           5473          .BYTE $F0
     F910   F0           5474          .BYTE $F0
     F911   F0           5475          .BYTE $F0
     F912   F8           5476          .BYTE $F8
     F913   F8           5477          .BYTE $F8
     F914   FC           5478          .BYTE $FC
     F915   FE           5479          .BYTE $FE
     F916   FE           5480          .BYTE $FE
     F917   FF           5481          .BYTE $FF
     F918   FF           5482          .BYTE $FF
     F919   FE           5483          .BYTE $FE
     F91A   FE           5484          .BYTE $FE
.MAIN.  Commodore 6502ASM V072882    Page 2-111
   GRAPHIC2.ASM

Error Addr  Code          Seq   Source statement

     F91B   FE           5485          .BYTE $FE
     F91C   FE           5486          .BYTE $FE
     F91D   FE           5487          .BYTE $FE
     F91E   FE           5488          .BYTE $FE
     F91F   FF           5489          .BYTE $FF
     F920   01           5490          .BYTE $01
     F921   03           5491          .BYTE $03
     F922   07           5492          .BYTE $07
     F923   07           5493          .BYTE $07
     F924   1F           5494          .BYTE $1F
     F925   7F           5495          .BYTE $7F
     F926   7F           5496          .BYTE $7F
     F927   FF           5497          .BYTE $FF
     F928   01           5498          .BYTE $01
     F929   03           5499          .BYTE $03
     F92A   03           5500          .BYTE $03
     F92B   03           5501          .BYTE $03
     F92C   07           5502          .BYTE $07
     F92D   03           5503          .BYTE $03
     F92E   07           5504          .BYTE $07
     F92F   0F           5505          .BYTE $0F
     F930   0F           5506          .BYTE $0F
     F931   0F           5507          .BYTE $0F
     F932   1F           5508          .BYTE $1F
     F933   1F           5509          .BYTE $1F
     F934   3F           5510          .BYTE $3F
     F935   7F           5511          .BYTE $7F
     F936   7F           5512          .BYTE $7F
     F937   FF           5513          .BYTE $FF
     F938   F0           5514          .BYTE $F0
     F939   E0           5515          .BYTE $E0
     F93A   E0           5516          .BYTE $E0
     F93B   E0           5517          .BYTE $E0
     F93C   E0           5518          .BYTE $E0
     F93D   E0           5519          .BYTE $E0
     F93E   E0           5520          .BYTE $E0
     F93F   F0           5521          .BYTE $F0
     F940   FF           5522          .BYTE $FF
     F941   FE           5523          .BYTE $FE
     F942   FE           5524          .BYTE $FE
     F943   F8           5525          .BYTE $F8
     F944   E0           5526          .BYTE $E0
     F945   E0           5527          .BYTE $E0
     F946   C0           5528          .BYTE $C0
     F947   80           5529          .BYTE $80
     F948   F0           5530          .BYTE $F0
     F949   E0           5531          .BYTE $E0
     F94A   C0           5532          .BYTE $C0
     F94B   E0           5533          .BYTE $E0
     F94C   C0           5534          .BYTE $C0
.MAIN.  Commodore 6502ASM V072882    Page 2-112
   GRAPHIC2.ASM

Error Addr  Code          Seq   Source statement

     F94D   C0           5535          .BYTE $C0
     F94E   C0           5536          .BYTE $C0
     F94F   80           5537          .BYTE $80
     F950   FF           5538          .BYTE $FF
     F951   FE           5539          .BYTE $FE
     F952   FE           5540          .BYTE $FE
     F953   FC           5541          .BYTE $FC
     F954   F8           5542          .BYTE $F8
     F955   F8           5543          .BYTE $F8
     F956   F0           5544          .BYTE $F0
     F957   F0           5545          .BYTE $F0
     F958   0F           5546          .BYTE $0F
     F959   07           5547          .BYTE $07
     F95A   07           5548          .BYTE $07
     F95B   07           5549          .BYTE $07
     F95C   07           5550          .BYTE $07
     F95D   07           5551          .BYTE $07
     F95E   07           5552          .BYTE $07
     F95F   0F           5553          .BYTE $0F
     F960   FF           5554          .BYTE $FF
     F961   7F           5555          .BYTE $7F
     F962   7F           5556          .BYTE $7F
     F963   1F           5557          .BYTE $1F
     F964   07           5558          .BYTE $07
     F965   07           5559          .BYTE $07
     F966   03           5560          .BYTE $03
     F967   01           5561          .BYTE $01
     F968   0F           5562          .BYTE $0F
     F969   07           5563          .BYTE $07
     F96A   03           5564          .BYTE $03
     F96B   07           5565          .BYTE $07
     F96C   03           5566          .BYTE $03
     F96D   03           5567          .BYTE $03
     F96E   03           5568          .BYTE $03
     F96F   01           5569          .BYTE $01
     F970   FF           5570          .BYTE $FF
     F971   7F           5571          .BYTE $7F
     F972   7F           5572          .BYTE $7F
     F973   3F           5573          .BYTE $3F
     F974   1F           5574          .BYTE $1F
     F975   1F           5575          .BYTE $1F
     F976   0F           5576          .BYTE $0F
     F977   0F           5577          .BYTE $0F
     F978   FF           5578          .BYTE $FF
     F979   7F           5579          .BYTE $7F
     F97A   7F           5580          .BYTE $7F
     F97B   7F           5581          .BYTE $7F
     F97C   7F           5582          .BYTE $7F
     F97D   7F           5583          .BYTE $7F
     F97E   7F           5584          .BYTE $7F
.MAIN.  Commodore 6502ASM V072882    Page 2-113
   GRAPHIC2.ASM

Error Addr  Code          Seq   Source statement

     F97F   FF           5585          .BYTE $FF
     F980   00           5586          .BYTE $00
     F981   7C           5587          .BYTE $7C
     F982   C6           5588          .BYTE $C6
     F983   CE           5589          .BYTE $CE
     F984   D6           5590          .BYTE $D6
     F985   E6           5591          .BYTE $E6
     F986   C6           5592          .BYTE $C6
     F987   7C           5593          .BYTE $7C
     F988   00           5594          .BYTE $00
     F989   18           5595          .BYTE $18
     F98A   38           5596          .BYTE $38
     F98B   18           5597          .BYTE $18
     F98C   18           5598          .BYTE $18
     F98D   18           5599          .BYTE $18
     F98E   18           5600          .BYTE $18
     F98F   3C           5601          .BYTE $3C
     F990   00           5602          .BYTE $00
     F991   7C           5603          .BYTE $7C
     F992   C6           5604          .BYTE $C6
     F993   C6           5605          .BYTE $C6
     F994   0C           5606          .BYTE $0C
     F995   38           5607          .BYTE $38
     F996   E0           5608          .BYTE $E0
     F997   FE           5609          .BYTE $FE
     F998   00           5610          .BYTE $00
     F999   7C           5611          .BYTE $7C
     F99A   C6           5612          .BYTE $C6
     F99B   06           5613          .BYTE $06
     F99C   1C           5614          .BYTE $1C
     F99D   06           5615          .BYTE $06
     F99E   C6           5616          .BYTE $C6
     F99F   7C           5617          .BYTE $7C
     F9A0   00           5618          .BYTE $00
     F9A1   0C           5619          .BYTE $0C
     F9A2   1C           5620          .BYTE $1C
     F9A3   2C           5621          .BYTE $2C
     F9A4   4C           5622          .BYTE $4C
     F9A5   FE           5623          .BYTE $FE
     F9A6   0C           5624          .BYTE $0C
     F9A7   0C           5625          .BYTE $0C
     F9A8   00           5626          .BYTE $00
     F9A9   FE           5627          .BYTE $FE
     F9AA   C0           5628          .BYTE $C0
     F9AB   C0           5629          .BYTE $C0
     F9AC   FC           5630          .BYTE $FC
     F9AD   06           5631          .BYTE $06
     F9AE   C6           5632          .BYTE $C6
     F9AF   7C           5633          .BYTE $7C
     F9B0   00           5634          .BYTE $00
.MAIN.  Commodore 6502ASM V072882    Page 2-114
   GRAPHIC2.ASM

Error Addr  Code          Seq   Source statement

     F9B1   1C           5635          .BYTE $1C
     F9B2   30           5636          .BYTE $30
     F9B3   60           5637          .BYTE $60
     F9B4   FC           5638          .BYTE $FC
     F9B5   C6           5639          .BYTE $C6
     F9B6   C6           5640          .BYTE $C6
     F9B7   7C           5641          .BYTE $7C
     F9B8   00           5642          .BYTE $00
     F9B9   7E           5643          .BYTE $7E
     F9BA   C6           5644          .BYTE $C6
     F9BB   0C           5645          .BYTE $0C
     F9BC   18           5646          .BYTE $18
     F9BD   18           5647          .BYTE $18
     F9BE   18           5648          .BYTE $18
     F9BF   18           5649          .BYTE $18
     F9C0   00           5650          .BYTE $00
     F9C1   7C           5651          .BYTE $7C
     F9C2   C6           5652          .BYTE $C6
     F9C3   C6           5653          .BYTE $C6
     F9C4   7C           5654          .BYTE $7C
     F9C5   C6           5655          .BYTE $C6
     F9C6   C6           5656          .BYTE $C6
     F9C7   7C           5657          .BYTE $7C
     F9C8   00           5658          .BYTE $00
     F9C9   7C           5659          .BYTE $7C
     F9CA   C6           5660          .BYTE $C6
     F9CB   C6           5661          .BYTE $C6
     F9CC   7E           5662          .BYTE $7E
     F9CD   06           5663          .BYTE $06
     F9CE   0C           5664          .BYTE $0C
     F9CF   38           5665          .BYTE $38
     F9D0   00           5666          .BYTE $00
     F9D1   00           5667          .BYTE $00
     F9D2   18           5668          .BYTE $18
     F9D3   18           5669          .BYTE $18
     F9D4   00           5670          .BYTE $00
     F9D5   18           5671          .BYTE $18
     F9D6   18           5672          .BYTE $18
     F9D7   00           5673          .BYTE $00
     F9D8   00           5674          .BYTE $00
     F9D9   00           5675          .BYTE $00
     F9DA   00           5676          .BYTE $00
     F9DB   00           5677          .BYTE $00
     F9DC   00           5678          .BYTE $00
     F9DD   44           5679          .BYTE $44
     F9DE   EA           5680          .BYTE $EA
     F9DF   4A           5681          .BYTE $4A
     F9E0   0A           5682          .BYTE $0A
     F9E1   EA           5683          .BYTE $EA
     F9E2   04           5684          .BYTE $04
.MAIN.  Commodore 6502ASM V072882    Page 2-115
   GRAPHIC2.ASM

Error Addr  Code          Seq   Source statement

     F9E3   00           5685          .BYTE $00
     F9E4   00           5686          .BYTE $00
     F9E5   00           5687          .BYTE $00
     F9E6   00           5688          .BYTE $00
     F9E7   00           5689          .BYTE $00
     F9E8   00           5690          .BYTE $00
     F9E9   00           5691          .BYTE $00
     F9EA   00           5692          .BYTE $00
     F9EB   7E           5693          .BYTE $7E
     F9EC   00           5694          .BYTE $00
     F9ED   7E           5695          .BYTE $7E
     F9EE   00           5696          .BYTE $00
     F9EF   00           5697          .BYTE $00
     F9F0   00           5698          .BYTE $00
     F9F1   00           5699          .BYTE $00
     F9F2   12           5700          .BYTE $12
     F9F3   15           5701          .BYTE $15
     F9F4   15           5702          .BYTE $15
     F9F5   15           5703          .BYTE $15
     F9F6   12           5704          .BYTE $12
     F9F7   00           5705          .BYTE $00
     F9F8   00           5706          .BYTE $00
     F9F9   00           5707          .BYTE $00
     F9FA   12           5708          .BYTE $12
     F9FB   15           5709          .BYTE $15
     F9FC   D5           5710          .BYTE $D5
     F9FD   15           5711          .BYTE $15
     F9FE   12           5712          .BYTE $12
     F9FF   00           5713          .BYTE $00
     FA00   00           5714          .BYTE $00
     FA01   00           5715          .BYTE $00
     FA02   00           5716          .BYTE $00
     FA03   00           5717          .BYTE $00
     FA04   00           5718          .BYTE $00
     FA05   00           5719          .BYTE $00
     FA06   00           5720          .BYTE $00
     FA07   00           5721          .BYTE $00
     FA08   00           5722          .BYTE $00
     FA09   38           5723          .BYTE $38
     FA0A   6C           5724          .BYTE $6C
     FA0B   C6           5725          .BYTE $C6
     FA0C   C6           5726          .BYTE $C6
     FA0D   FE           5727          .BYTE $FE
     FA0E   C6           5728          .BYTE $C6
     FA0F   C6           5729          .BYTE $C6
     FA10   00           5730          .BYTE $00
     FA11   FC           5731          .BYTE $FC
     FA12   66           5732          .BYTE $66
     FA13   66           5733          .BYTE $66
     FA14   7C           5734          .BYTE $7C
.MAIN.  Commodore 6502ASM V072882    Page 2-116
   GRAPHIC2.ASM

Error Addr  Code          Seq   Source statement

     FA15   66           5735          .BYTE $66
     FA16   66           5736          .BYTE $66
     FA17   FC           5737          .BYTE $FC
     FA18   00           5738          .BYTE $00
     FA19   3C           5739          .BYTE $3C
     FA1A   66           5740          .BYTE $66
     FA1B   C0           5741          .BYTE $C0
     FA1C   C0           5742          .BYTE $C0
     FA1D   C0           5743          .BYTE $C0
     FA1E   66           5744          .BYTE $66
     FA1F   3C           5745          .BYTE $3C
     FA20   00           5746          .BYTE $00
     FA21   F8           5747          .BYTE $F8
     FA22   64           5748          .BYTE $64
     FA23   66           5749          .BYTE $66
     FA24   66           5750          .BYTE $66
     FA25   66           5751          .BYTE $66
     FA26   64           5752          .BYTE $64
     FA27   F8           5753          .BYTE $F8
     FA28   00           5754          .BYTE $00
     FA29   FE           5755          .BYTE $FE
     FA2A   60           5756          .BYTE $60
     FA2B   60           5757          .BYTE $60
     FA2C   7C           5758          .BYTE $7C
     FA2D   60           5759          .BYTE $60
     FA2E   60           5760          .BYTE $60
     FA2F   FE           5761          .BYTE $FE
     FA30   00           5762          .BYTE $00
     FA31   FE           5763          .BYTE $FE
     FA32   60           5764          .BYTE $60
     FA33   60           5765          .BYTE $60
     FA34   7C           5766          .BYTE $7C
     FA35   60           5767          .BYTE $60
     FA36   60           5768          .BYTE $60
     FA37   F0           5769          .BYTE $F0
     FA38   00           5770          .BYTE $00
     FA39   3C           5771          .BYTE $3C
     FA3A   66           5772          .BYTE $66
     FA3B   C0           5773          .BYTE $C0
     FA3C   DE           5774          .BYTE $DE
     FA3D   C6           5775          .BYTE $C6
     FA3E   66           5776          .BYTE $66
     FA3F   3C           5777          .BYTE $3C
     FA40   00           5778          .BYTE $00
     FA41   C6           5779          .BYTE $C6
     FA42   C6           5780          .BYTE $C6
     FA43   C6           5781          .BYTE $C6
     FA44   FE           5782          .BYTE $FE
     FA45   C6           5783          .BYTE $C6
     FA46   C6           5784          .BYTE $C6
.MAIN.  Commodore 6502ASM V072882    Page 2-117
   GRAPHIC2.ASM

Error Addr  Code          Seq   Source statement

     FA47   C6           5785          .BYTE $C6
     FA48   00           5786          .BYTE $00
     FA49   3C           5787          .BYTE $3C
     FA4A   18           5788          .BYTE $18
     FA4B   18           5789          .BYTE $18
     FA4C   18           5790          .BYTE $18
     FA4D   18           5791          .BYTE $18
     FA4E   18           5792          .BYTE $18
     FA4F   3C           5793          .BYTE $3C
     FA50   00           5794          .BYTE $00
     FA51   1E           5795          .BYTE $1E
     FA52   0C           5796          .BYTE $0C
     FA53   0C           5797          .BYTE $0C
     FA54   0C           5798          .BYTE $0C
     FA55   CC           5799          .BYTE $CC
     FA56   CC           5800          .BYTE $CC
     FA57   78           5801          .BYTE $78
     FA58   00           5802          .BYTE $00
     FA59   C6           5803          .BYTE $C6
     FA5A   CC           5804          .BYTE $CC
     FA5B   D8           5805          .BYTE $D8
     FA5C   F0           5806          .BYTE $F0
     FA5D   D8           5807          .BYTE $D8
     FA5E   CC           5808          .BYTE $CC
     FA5F   C6           5809          .BYTE $C6
     FA60   00           5810          .BYTE $00
     FA61   F0           5811          .BYTE $F0
     FA62   60           5812          .BYTE $60
     FA63   60           5813          .BYTE $60
     FA64   60           5814          .BYTE $60
     FA65   60           5815          .BYTE $60
     FA66   60           5816          .BYTE $60
     FA67   FE           5817          .BYTE $FE
     FA68   00           5818          .BYTE $00
     FA69   C6           5819          .BYTE $C6
     FA6A   EE           5820          .BYTE $EE
     FA6B   FE           5821          .BYTE $FE
     FA6C   D6           5822          .BYTE $D6
     FA6D   C6           5823          .BYTE $C6
     FA6E   C6           5824          .BYTE $C6
     FA6F   C6           5825          .BYTE $C6
     FA70   00           5826          .BYTE $00
     FA71   C6           5827          .BYTE $C6
     FA72   E6           5828          .BYTE $E6
     FA73   F6           5829          .BYTE $F6
     FA74   DE           5830          .BYTE $DE
     FA75   CE           5831          .BYTE $CE
     FA76   C6           5832          .BYTE $C6
     FA77   C6           5833          .BYTE $C6
     FA78   00           5834          .BYTE $00
.MAIN.  Commodore 6502ASM V072882    Page 2-118
   GRAPHIC2.ASM

Error Addr  Code          Seq   Source statement

     FA79   7C           5835          .BYTE $7C
     FA7A   EE           5836          .BYTE $EE
     FA7B   C6           5837          .BYTE $C6
     FA7C   C6           5838          .BYTE $C6
     FA7D   C6           5839          .BYTE $C6
     FA7E   EE           5840          .BYTE $EE
     FA7F   7C           5841          .BYTE $7C
     FA80   00           5842          .BYTE $00
     FA81   FC           5843          .BYTE $FC
     FA82   66           5844          .BYTE $66
     FA83   66           5845          .BYTE $66
     FA84   7C           5846          .BYTE $7C
     FA85   60           5847          .BYTE $60
     FA86   60           5848          .BYTE $60
     FA87   F0           5849          .BYTE $F0
     FA88   00           5850          .BYTE $00
     FA89   38           5851          .BYTE $38
     FA8A   64           5852          .BYTE $64
     FA8B   C2           5853          .BYTE $C2
     FA8C   C2           5854          .BYTE $C2
     FA8D   CA           5855          .BYTE $CA
     FA8E   64           5856          .BYTE $64
     FA8F   3A           5857          .BYTE $3A
     FA90   00           5858          .BYTE $00
     FA91   FC           5859          .BYTE $FC
     FA92   C6           5860          .BYTE $C6
     FA93   C6           5861          .BYTE $C6
     FA94   FC           5862          .BYTE $FC
     FA95   D8           5863          .BYTE $D8
     FA96   CC           5864          .BYTE $CC
     FA97   C6           5865          .BYTE $C6
     FA98   00           5866          .BYTE $00
     FA99   7C           5867          .BYTE $7C
     FA9A   C6           5868          .BYTE $C6
     FA9B   C0           5869          .BYTE $C0
     FA9C   7C           5870          .BYTE $7C
     FA9D   06           5871          .BYTE $06
     FA9E   C6           5872          .BYTE $C6
     FA9F   7C           5873          .BYTE $7C
     FAA0   00           5874          .BYTE $00
     FAA1   7E           5875          .BYTE $7E
     FAA2   5A           5876          .BYTE $5A
     FAA3   18           5877          .BYTE $18
     FAA4   18           5878          .BYTE $18
     FAA5   18           5879          .BYTE $18
     FAA6   18           5880          .BYTE $18
     FAA7   3C           5881          .BYTE $3C
     FAA8   00           5882          .BYTE $00
     FAA9   C6           5883          .BYTE $C6
     FAAA   C6           5884          .BYTE $C6
.MAIN.  Commodore 6502ASM V072882    Page 2-119
   GRAPHIC2.ASM

Error Addr  Code          Seq   Source statement

     FAAB   C6           5885          .BYTE $C6
     FAAC   C6           5886          .BYTE $C6
     FAAD   C6           5887          .BYTE $C6
     FAAE   C6           5888          .BYTE $C6
     FAAF   7C           5889          .BYTE $7C
     FAB0   00           5890          .BYTE $00
     FAB1   C6           5891          .BYTE $C6
     FAB2   C6           5892          .BYTE $C6
     FAB3   C6           5893          .BYTE $C6
     FAB4   6C           5894          .BYTE $6C
     FAB5   6C           5895          .BYTE $6C
     FAB6   38           5896          .BYTE $38
     FAB7   38           5897          .BYTE $38
     FAB8   00           5898          .BYTE $00
     FAB9   C6           5899          .BYTE $C6
     FABA   C6           5900          .BYTE $C6
     FABB   C6           5901          .BYTE $C6
     FABC   D6           5902          .BYTE $D6
     FABD   FE           5903          .BYTE $FE
     FABE   7C           5904          .BYTE $7C
     FABF   44           5905          .BYTE $44
     FAC0   00           5906          .BYTE $00
     FAC1   C6           5907          .BYTE $C6
     FAC2   C6           5908          .BYTE $C6
     FAC3   6C           5909          .BYTE $6C
     FAC4   38           5910          .BYTE $38
     FAC5   6C           5911          .BYTE $6C
     FAC6   C6           5912          .BYTE $C6
     FAC7   C6           5913          .BYTE $C6
     FAC8   00           5914          .BYTE $00
     FAC9   C6           5915          .BYTE $C6
     FACA   C6           5916          .BYTE $C6
     FACB   6C           5917          .BYTE $6C
     FACC   7C           5918          .BYTE $7C
     FACD   38           5919          .BYTE $38
     FACE   38           5920          .BYTE $38
     FACF   38           5921          .BYTE $38
     FAD0   00           5922          .BYTE $00
     FAD1   FE           5923          .BYTE $FE
     FAD2   C6           5924          .BYTE $C6
     FAD3   0C           5925          .BYTE $0C
     FAD4   38           5926          .BYTE $38
     FAD5   60           5927          .BYTE $60
     FAD6   C6           5928          .BYTE $C6
     FAD7   FE           5929          .BYTE $FE
     FAD8   00           5930          .BYTE $00
     FAD9   06           5931          .BYTE $06
     FADA   0C           5932          .BYTE $0C
     FADB   18           5933          .BYTE $18
     FADC   30           5934          .BYTE $30
.MAIN.  Commodore 6502ASM V072882    Page 2-120
   GRAPHIC2.ASM

Error Addr  Code          Seq   Source statement

     FADD   18           5935          .BYTE $18
     FADE   0C           5936          .BYTE $0C
     FADF   06           5937          .BYTE $06
     FAE0   00           5938          .BYTE $00
     FAE1   00           5939          .BYTE $00
     FAE2   00           5940          .BYTE $00
     FAE3   00           5941          .BYTE $00
     FAE4   18           5942          .BYTE $18
     FAE5   18           5943          .BYTE $18
     FAE6   30           5944          .BYTE $30
     FAE7   60           5945          .BYTE $60
     FAE8   00           5946          .BYTE $00
     FAE9   C0           5947          .BYTE $C0
     FAEA   60           5948          .BYTE $60
     FAEB   30           5949          .BYTE $30
     FAEC   18           5950          .BYTE $18
     FAED   30           5951          .BYTE $30
     FAEE   60           5952          .BYTE $60
     FAEF   C0           5953          .BYTE $C0
     FAF0   00           5954          .BYTE $00
     FAF1   00           5955          .BYTE $00
     FAF2   00           5956          .BYTE $00
     FAF3   00           5957          .BYTE $00
     FAF4   00           5958          .BYTE $00
     FAF5   18           5959          .BYTE $18
     FAF6   18           5960          .BYTE $18
     FAF7   00           5961          .BYTE $00
     FAF8   00           5962          .BYTE $00
     FAF9   00           5963          .BYTE $00
     FAFA   00           5964          .BYTE $00
     FAFB   7E           5965          .BYTE $7E
     FAFC   7E           5966          .BYTE $7E
     FAFD   00           5967          .BYTE $00
     FAFE   00           5968          .BYTE $00
     FAFF   00           5969          .BYTE $00
     FB00   01           5970          .BYTE $01
     FB01   03           5971          .BYTE $03
     FB02   07           5972          .BYTE $07
     FB03   0F           5973          .BYTE $0F
     FB04   1F           5974          .BYTE $1F
     FB05   3F           5975          .BYTE $3F
     FB06   7F           5976          .BYTE $7F
     FB07   FF           5977          .BYTE $FF
     FB08   80           5978          .BYTE $80
     FB09   C0           5979          .BYTE $C0
     FB0A   E0           5980          .BYTE $E0
     FB0B   F0           5981          .BYTE $F0
     FB0C   F8           5982          .BYTE $F8
     FB0D   FC           5983          .BYTE $FC
     FB0E   FE           5984          .BYTE $FE
.MAIN.  Commodore 6502ASM V072882    Page 2-121
   GRAPHIC2.ASM

Error Addr  Code          Seq   Source statement

     FB0F   FF           5985          .BYTE $FF
     FB10   FF           5986          .BYTE $FF
     FB11   FE           5987          .BYTE $FE
     FB12   FC           5988          .BYTE $FC
     FB13   F8           5989          .BYTE $F8
     FB14   F0           5990          .BYTE $F0
     FB15   E0           5991          .BYTE $E0
     FB16   C0           5992          .BYTE $C0
     FB17   80           5993          .BYTE $80
     FB18   FF           5994          .BYTE $FF
     FB19   7F           5995          .BYTE $7F
     FB1A   3F           5996          .BYTE $3F
     FB1B   1F           5997          .BYTE $1F
     FB1C   0F           5998          .BYTE $0F
     FB1D   07           5999          .BYTE $07
     FB1E   03           6000          .BYTE $03
     FB1F   01           6001          .BYTE $01
     FB20   7F           6002          .BYTE $7F
     FB21   FF           6003          .BYTE $FF
     FB22   C0           6004          .BYTE $C0
     FB23   C0           6005          .BYTE $C0
     FB24   C0           6006          .BYTE $C0
     FB25   C0           6007          .BYTE $C0
     FB26   FF           6008          .BYTE $FF
     FB27   7F           6009          .BYTE $7F
     FB28   0F           6010          .BYTE $0F
     FB29   9F           6011          .BYTE $9F
     FB2A   98           6012          .BYTE $98
     FB2B   18           6013          .BYTE $18
     FB2C   18           6014          .BYTE $18
     FB2D   98           6015          .BYTE $98
     FB2E   9F           6016          .BYTE $9F
     FB2F   0F           6017          .BYTE $0F
     FB30   E1           6018          .BYTE $E1
     FB31   F9           6019          .BYTE $F9
     FB32   19           6020          .BYTE $19
     FB33   19           6021          .BYTE $19
     FB34   19           6022          .BYTE $19
     FB35   19           6023          .BYTE $19
     FB36   F9           6024          .BYTE $F9
     FB37   E1           6025          .BYTE $E1
     FB38   9C           6026          .BYTE $9C
     FB39   FF           6027          .BYTE $FF
     FB3A   C3           6028          .BYTE $C3
     FB3B   83           6029          .BYTE $83
     FB3C   83           6030          .BYTE $83
     FB3D   83           6031          .BYTE $83
     FB3E   83           6032          .BYTE $83
     FB3F   83           6033          .BYTE $83
     FB40   78           6034          .BYTE $78
.MAIN.  Commodore 6502ASM V072882    Page 2-122
   GRAPHIC2.ASM

Error Addr  Code          Seq   Source statement

     FB41   FC           6035          .BYTE $FC
     FB42   06           6036          .BYTE $06
     FB43   06           6037          .BYTE $06
     FB44   06           6038          .BYTE $06
     FB45   06           6039          .BYTE $06
     FB46   06           6040          .BYTE $06
     FB47   06           6041          .BYTE $06
     FB48   67           6042          .BYTE $67
     FB49   7F           6043          .BYTE $7F
     FB4A   70           6044          .BYTE $70
     FB4B   60           6045          .BYTE $60
     FB4C   60           6046          .BYTE $60
     FB4D   60           6047          .BYTE $60
     FB4E   60           6048          .BYTE $60
     FB4F   60           6049          .BYTE $60
     FB50   1E           6050          .BYTE $1E
     FB51   FF           6051          .BYTE $FF
     FB52   E1           6052          .BYTE $E1
     FB53   C1           6053          .BYTE $C1
     FB54   C1           6054          .BYTE $C1
     FB55   C1           6055          .BYTE $C1
     FB56   C1           6056          .BYTE $C1
     FB57   C1           6057          .BYTE $C1
     FB58   0F           6058          .BYTE $0F
     FB59   9F           6059          .BYTE $9F
     FB5A   98           6060          .BYTE $98
     FB5B   98           6061          .BYTE $98
     FB5C   98           6062          .BYTE $98
     FB5D   98           6063          .BYTE $98
     FB5E   9F           6064          .BYTE $9F
     FB5F   8F           6065          .BYTE $8F
     FB60   F0           6066          .BYTE $F0
     FB61   F9           6067          .BYTE $F9
     FB62   19           6068          .BYTE $19
     FB63   19           6069          .BYTE $19
     FB64   19           6070          .BYTE $19
     FB65   19           6071          .BYTE $19
     FB66   F9           6072          .BYTE $F9
     FB67   F0           6073          .BYTE $F0
     FB68   FF           6074          .BYTE $FF
     FB69   FF           6075          .BYTE $FF
     FB6A   81           6076          .BYTE $81
     FB6B   81           6077          .BYTE $81
     FB6C   81           6078          .BYTE $81
     FB6D   81           6079          .BYTE $81
     FB6E   FF           6080          .BYTE $FF
     FB6F   FF           6081          .BYTE $FF
     FB70   8F           6082          .BYTE $8F
     FB71   9F           6083          .BYTE $9F
     FB72   98           6084          .BYTE $98
.MAIN.  Commodore 6502ASM V072882    Page 2-123
   GRAPHIC2.ASM

Error Addr  Code          Seq   Source statement

     FB73   98           6085          .BYTE $98
     FB74   98           6086          .BYTE $98
     FB75   98           6087          .BYTE $98
     FB76   9F           6088          .BYTE $9F
     FB77   8F           6089          .BYTE $8F
     FB78   F1           6090          .BYTE $F1
     FB79   F9           6091          .BYTE $F9
     FB7A   19           6092          .BYTE $19
     FB7B   19           6093          .BYTE $19
     FB7C   19           6094          .BYTE $19
     FB7D   19           6095          .BYTE $19
     FB7E   F9           6096          .BYTE $F9
     FB7F   F1           6097          .BYTE $F1
     FB80   BC           6098          .BYTE $BC
     FB81   FE           6099          .BYTE $FE
     FB82   C2           6100          .BYTE $C2
     FB83   80           6101          .BYTE $80
     FB84   80           6102          .BYTE $80
     FB85   80           6103          .BYTE $80
     FB86   80           6104          .BYTE $80
     FB87   80           6105          .BYTE $80
     FB88   3F           6106          .BYTE $3F
     FB89   7F           6107          .BYTE $7F
     FB8A   60           6108          .BYTE $60
     FB8B   7F           6109          .BYTE $7F
     FB8C   7F           6110          .BYTE $7F
     FB8D   60           6111          .BYTE $60
     FB8E   7F           6112          .BYTE $7F
     FB8F   3F           6113          .BYTE $3F
     FB90   C0           6114          .BYTE $C0
     FB91   E0           6115          .BYTE $E0
     FB92   60           6116          .BYTE $60
     FB93   E0           6117          .BYTE $E0
     FB94   E0           6118          .BYTE $E0
     FB95   00           6119          .BYTE $00
     FB96   E0           6120          .BYTE $E0
     FB97   C0           6121          .BYTE $C0
     FB98   00           6122          .BYTE $00
     FB99   00           6123          .BYTE $00
     FB9A   00           6124          .BYTE $00
     FB9B   01           6125          .BYTE $01
     FB9C   01           6126          .BYTE $01
     FB9D   01           6127          .BYTE $01
     FB9E   01           6128          .BYTE $01
     FB9F   01           6129          .BYTE $01
     FBA0   00           6130          .BYTE $00
     FBA1   00           6131          .BYTE $00
     FBA2   00           6132          .BYTE $00
     FBA3   80           6133          .BYTE $80
     FBA4   80           6134          .BYTE $80
.MAIN.  Commodore 6502ASM V072882    Page 2-124
   GRAPHIC2.ASM

Error Addr  Code          Seq   Source statement

     FBA5   80           6135          .BYTE $80
     FBA6   80           6136          .BYTE $80
     FBA7   80           6137          .BYTE $80
     FBA8   AA           6138          .BYTE $AA
     FBA9   A8           6139          .BYTE $A8
     FBAA   A0           6140          .BYTE $A0
     FBAB   00           6141          .BYTE $00
     FBAC   50           6142          .BYTE $50
     FBAD   54           6143          .BYTE $54
     FBAE   55           6144          .BYTE $55
     FBAF   00           6145          .BYTE $00
     FBB0   00           6146          .BYTE $00
     FBB1   00           6147          .BYTE $00
     FBB2   00           6148          .BYTE $00
     FBB3   03           6149          .BYTE $03
     FBB4   07           6150          .BYTE $07
     FBB5   0F           6151          .BYTE $0F
     FBB6   1F           6152          .BYTE $1F
     FBB7   1E           6153          .BYTE $1E
     FBB8   3E           6154          .BYTE $3E
     FBB9   3C           6155          .BYTE $3C
     FBBA   3C           6156          .BYTE $3C
     FBBB   3C           6157          .BYTE $3C
     FBBC   3C           6158          .BYTE $3C
     FBBD   3C           6159          .BYTE $3C
     FBBE   3E           6160          .BYTE $3E
     FBBF   1E           6161          .BYTE $1E
     FBC0   00           6162          .BYTE $00
     FBC1   00           6163          .BYTE $00
     FBC2   FC           6164          .BYTE $FC
     FBC3   FF           6165          .BYTE $FF
     FBC4   FF           6166          .BYTE $FF
     FBC5   FF           6167          .BYTE $FF
     FBC6   03           6168          .BYTE $03
     FBC7   00           6169          .BYTE $00
     FBC8   03           6170          .BYTE $03
     FBC9   FF           6171          .BYTE $FF
     FBCA   FF           6172          .BYTE $FF
     FBCB   FF           6173          .BYTE $FF
     FBCC   FC           6174          .BYTE $FC
     FBCD   00           6175          .BYTE $00
     FBCE   00           6176          .BYTE $00
     FBCF   00           6177          .BYTE $00
     FBD0   1F           6178          .BYTE $1F
     FBD1   0F           6179          .BYTE $0F
     FBD2   07           6180          .BYTE $07
     FBD3   03           6181          .BYTE $03
     FBD4   00           6182          .BYTE $00
     FBD5   00           6183          .BYTE $00
     FBD6   00           6184          .BYTE $00
.MAIN.  Commodore 6502ASM V072882    Page 2-125
   GRAPHIC2.ASM

Error Addr  Code          Seq   Source statement

     FBD7   00           6185          .BYTE $00
     FBD8   00           6186          .BYTE $00
     FBD9   00           6187          .BYTE $00
     FBDA   00           6188          .BYTE $00
     FBDB   60           6189          .BYTE $60
     FBDC   CE           6190          .BYTE $CE
     FBDD   D8           6191          .BYTE $D8
     FBDE   CE           6192          .BYTE $CE
     FBDF   60           6193          .BYTE $60
     FBE0   00           6194          .BYTE $00
     FBE1   00           6195          .BYTE $00
     FBE2   00           6196          .BYTE $00
     FBE3   CD           6197          .BYTE $CD
     FBE4   6D           6198          .BYTE $6D
     FBE5   6D           6199          .BYTE $6D
     FBE6   6C           6200          .BYTE $6C
     FBE7   CC           6201          .BYTE $CC
     FBE8   00           6202          .BYTE $00
     FBE9   00           6203          .BYTE $00
     FBEA   00           6204          .BYTE $00
     FBEB   F7           6205          .BYTE $F7
     FBEC   B6           6206          .BYTE $B6
     FBED   F7           6207          .BYTE $F7
     FBEE   36           6208          .BYTE $36
     FBEF   37           6209          .BYTE $37
     FBF0   00           6210          .BYTE $00
     FBF1   00           6211          .BYTE $00
     FBF2   00           6212          .BYTE $00
     FBF3   DE           6213          .BYTE $DE
     FBF4   C3           6214          .BYTE $C3
     FBF5   C6           6215          .BYTE $C6
     FBF6   D8           6216          .BYTE $D8
     FBF7   DF           6217          .BYTE $DF
     FBF8   00           6218          .BYTE $00
     FBF9   00           6219          .BYTE $00
     FBFA   00           6220          .BYTE $00
     FBFB   60           6221          .BYTE $60
     FBFC   CF           6222          .BYTE $CF
     FBFD   CC           6223          .BYTE $CC
     FBFE   CF           6224          .BYTE $CF
     FBFF   60           6225          .BYTE $60
                         6226   ;********************************
                         6227   ;
                         6228   ;********************************
                         6229   ; SPRITE DATA FOR LANDER
                         6230   ;********************************
     FC00                6231   XXFC00
                         6232   ;MAIN LANDER
                         6233    .LIB sprite0.asm
                         6234   ;********************************
.MAIN.  Commodore 6502ASM V072882    Page 2-126
   SPRITE0.ASM

Error Addr  Code          Seq   Source statement

                         6235   ; XXFC00 SPRITE DATA FOR LANDER
                         6236   ;********************************
     FC00   10           6237          .BYTE $10
     FC01   00           6238          .BYTE $00
     FC02   12           6239          .BYTE $12
     FC03   08           6240          .BYTE $08
     FC04   7E           6241          .BYTE $7E
     FC05   1C           6242          .BYTE $1C
     FC06   05           6243          .BYTE $05
     FC07   FF           6244          .BYTE $FF
     FC08   CC           6245          .BYTE $CC
     FC09   06           6246          .BYTE $06
     FC0A   10           6247          .BYTE $10
     FC0B   36           6248          .BYTE $36
     FC0C   0F           6249          .BYTE $0F
     FC0D   9F           6250          .BYTE $9F
     FC0E   F0           6251          .BYTE $F0
     FC0F   08           6252          .BYTE $08
     FC10   92           6253          .BYTE $92
     FC11   10           6254          .BYTE $10
     FC12   08           6255          .BYTE $08
     FC13   F3           6256          .BYTE $F3
     FC14   F0           6257          .BYTE $F0
     FC15   08           6258          .BYTE $08
     FC16   F2           6259          .BYTE $F2
     FC17   10           6260          .BYTE $10
     FC18   08           6261          .BYTE $08
     FC19   F4           6262          .BYTE $F4
     FC1A   08           6263          .BYTE $08
     FC1B   1F           6264          .BYTE $1F
     FC1C   FE           6265          .BYTE $FE
     FC1D   18           6266          .BYTE $18
     FC1E   20           6267          .BYTE $20
     FC1F   01           6268          .BYTE $01
     FC20   F4           6269          .BYTE $F4
     FC21   20           6270          .BYTE $20
     FC22   00           6271          .BYTE $00
     FC23   A4           6272          .BYTE $A4
     FC24   27           6273          .BYTE $27
     FC25   80           6274          .BYTE $80
     FC26   BC           6275          .BYTE $BC
     FC27   27           6276          .BYTE $27
     FC28   C0           6277          .BYTE $C0
     FC29   A4           6278          .BYTE $A4
     FC2A   1F           6279          .BYTE $1F
     FC2B   FF           6280          .BYTE $FF
     FC2C   FC           6281          .BYTE $FC
     FC2D   0D           6282          .BYTE $0D
     FC2E   3C           6283          .BYTE $3C
     FC2F   B0           6284          .BYTE $B0
.MAIN.  Commodore 6502ASM V072882    Page 2-127
   SPRITE0.ASM

Error Addr  Code          Seq   Source statement

     FC30   19           6285          .BYTE $19
     FC31   C3           6286          .BYTE $C3
     FC32   98           6287          .BYTE $98
     FC33   31           6288          .BYTE $31
     FC34   00           6289          .BYTE $00
     FC35   8C           6290          .BYTE $8C
     FC36   30           6291          .BYTE $30
     FC37   00           6292          .BYTE $00
     FC38   0C           6293          .BYTE $0C
     FC39   78           6294          .BYTE $78
     FC3A   00           6295          .BYTE $00
     FC3B   1E           6296          .BYTE $1E
     FC3C   FC           6297          .BYTE $FC
     FC3D   00           6298          .BYTE $00
     FC3E   3F           6299          .BYTE $3F
     FC3F   AA           6300          .BYTE $AA
                         6301   ;********************************
                         6302   ; SPRITE DATA FOR LANDER
                         6303   ;********************************
                         6304   ;
                         6305   ;********************************
     FC40                6306   XXFC40
                         6307   ;EXPOSION 1
                         6308    .LIB sprite1.asm
                         6309   ;********************************
                         6310   ; XXFC40 SPRITE DATA FOR LANDER
                         6311   ;********************************
     FC40   38           6312          .BYTE $38
     FC41   FE           6313          .BYTE $FE
     FC42   3C           6314          .BYTE $3C
     FC43   15           6315          .BYTE $15
     FC44   81           6316          .BYTE $81
     FC45   EA           6317          .BYTE $EA
     FC46   0A           6318          .BYTE $0A
     FC47   00           6319          .BYTE $00
     FC48   37           6320          .BYTE $37
     FC49   09           6321          .BYTE $09
     FC4A   EF           6322          .BYTE $EF
     FC4B   CB           6323          .BYTE $CB
     FC4C   10           6324          .BYTE $10
     FC4D   60           6325          .BYTE $60
     FC4E   0F           6326          .BYTE $0F
     FC4F   17           6327          .BYTE $17
     FC50   6D           6328          .BYTE $6D
     FC51   E8           6329          .BYTE $E8
     FC52   17           6330          .BYTE $17
     FC53   0C           6331          .BYTE $0C
     FC54   08           6332          .BYTE $08
     FC55   17           6333          .BYTE $17
     FC56   01           6334          .BYTE $01
.MAIN.  Commodore 6502ASM V072882    Page 2-128
   SPRITE1.ASM

Error Addr  Code          Seq   Source statement

     FC57   E8           6335          .BYTE $E8
     FC58   17           6336          .BYTE $17
     FC59   1D           6337          .BYTE $1D
     FC5A   F4           6338          .BYTE $F4
     FC5B   60           6339          .BYTE $60
     FC5C   3E           6340          .BYTE $3E
     FC5D   E4           6341          .BYTE $E4
     FC5E   5F           6342          .BYTE $5F
     FC5F   BE           6343          .BYTE $BE
     FC60   0A           6344          .BYTE $0A
     FC61   5F           6345          .BYTE $5F
     FC62   DD           6346          .BYTE $DD
     FC63   5A           6347          .BYTE $5A
     FC64   58           6348          .BYTE $58
     FC65   63           6349          .BYTE $63
     FC66   42           6350          .BYTE $42
     FC67   58           6351          .BYTE $58
     FC68   3F           6352          .BYTE $3F
     FC69   5A           6353          .BYTE $5A
     FC6A   20           6354          .BYTE $20
     FC6B   00           6355          .BYTE $00
     FC6C   02           6356          .BYTE $02
     FC6D   12           6357          .BYTE $12
     FC6E   C3           6358          .BYTE $C3
     FC6F   66           6359          .BYTE $66
     FC70   26           6360          .BYTE $26
     FC71   3C           6361          .BYTE $3C
     FC72   64           6362          .BYTE $64
     FC73   4A           6363          .BYTE $4A
     FC74   C3           6364          .BYTE $C3
     FC75   52           6365          .BYTE $52
     FC76   49           6366          .BYTE $49
     FC77   00           6367          .BYTE $00
     FC78   D2           6368          .BYTE $D2
     FC79   84           6369          .BYTE $84
     FC7A   00           6370          .BYTE $00
     FC7B   21           6371          .BYTE $21
     FC7C   FC           6372          .BYTE $FC
     FC7D   00           6373          .BYTE $00
     FC7E   3F           6374          .BYTE $3F
     FC7F   AA           6375          .BYTE $AA
                         6376   ;********************************
                         6377   ; SPRITE DATA FOR LANDER
                         6378   ;********************************
                         6379   ;
                         6380   ;********************************
     FC80                6381   XXFC80
                         6382   ;EXPOSION 2
                         6383    .LIB sprite2.asm
                         6384   ;********************************
.MAIN.  Commodore 6502ASM V072882    Page 2-129
   SPRITE2.ASM

Error Addr  Code          Seq   Source statement

                         6385   ; XXFC80 SPRITE DATA FOR LANDER
                         6386   ;********************************
     FC80   47           6387          .BYTE $47
     FC81   01           6388          .BYTE $01
     FC82   CE           6389          .BYTE $CE
     FC83   2A           6390          .BYTE $2A
     FC84   7E           6391          .BYTE $7E
     FC85   15           6392          .BYTE $15
     FC86   15           6393          .BYTE $15
     FC87   FF           6394          .BYTE $FF
     FC88   CB           6395          .BYTE $CB
     FC89   36           6396          .BYTE $36
     FC8A   10           6397          .BYTE $10
     FC8B   35           6398          .BYTE $35
     FC8C   2F           6399          .BYTE $2F
     FC8D   9F           6400          .BYTE $9F
     FC8E   F1           6401          .BYTE $F1
     FC8F   28           6402          .BYTE $28
     FC90   92           6403          .BYTE $92
     FC91   17           6404          .BYTE $17
     FC92   28           6405          .BYTE $28
     FC93   C0           6406          .BYTE $C0
     FC94   F4           6407          .BYTE $F4
     FC95   28           6408          .BYTE $28
     FC96   3E           6409          .BYTE $3E
     FC97   14           6410          .BYTE $14
     FC98   E8           6411          .BYTE $E8
     FC99   77           6412          .BYTE $77
     FC9A   0A           6413          .BYTE $0A
     FC9B   9E           6414          .BYTE $9E
     FC9C   EF           6415          .BYTE $EF
     FC9D   9A           6416          .BYTE $9A
     FC9E   A0           6417          .BYTE $A0
     FC9F   FB           6418          .BYTE $FB
     FCA0   B5           6419          .BYTE $B5
     FCA1   A0           6420          .BYTE $A0
     FCA2   7F           6421          .BYTE $7F
     FCA3   25           6422          .BYTE $25
     FCA4   A7           6423          .BYTE $A7
     FCA5   3E           6424          .BYTE $3E
     FCA6   3D           6425          .BYTE $3D
     FCA7   A7           6426          .BYTE $A7
     FCA8   C0           6427          .BYTE $C0
     FCA9   A5           6428          .BYTE $A5
     FCAA   5F           6429          .BYTE $5F
     FCAB   FF           6430          .BYTE $FF
     FCAC   FD           6431          .BYTE $FD
     FCAD   2D           6432          .BYTE $2D
     FCAE   3C           6433          .BYTE $3C
     FCAF   99           6434          .BYTE $99
.MAIN.  Commodore 6502ASM V072882    Page 2-130
   SPRITE2.ASM

Error Addr  Code          Seq   Source statement

     FCB0   59           6435          .BYTE $59
     FCB1   C3           6436          .BYTE $C3
     FCB2   9A           6437          .BYTE $9A
     FCB3   B5           6438          .BYTE $B5
     FCB4   3C           6439          .BYTE $3C
     FCB5   AD           6440          .BYTE $AD
     FCB6   B6           6441          .BYTE $B6
     FCB7   C3           6442          .BYTE $C3
     FCB8   2D           6443          .BYTE $2D
     FCB9   7B           6444          .BYTE $7B
     FCBA   00           6445          .BYTE $00
     FCBB   DE           6446          .BYTE $DE
     FCBC   02           6447          .BYTE $02
     FCBD   00           6448          .BYTE $00
     FCBE   40           6449          .BYTE $40
     FCBF   AA           6450          .BYTE $AA
                         6451   ;********************************
                         6452   ; SPRITE DATA FOR LANDER
                         6453   ;********************************
                         6454   ;
                         6455   ;********************************
     FCC0                6456   XXFCC0
                         6457   ;EXPOSION 3
                         6458    .LIB sprite3.asm
                         6459   ;********************************
                         6460   ; XXFCC0 SPRITE DATA FOR LANDER
                         6461   ;********************************
     FCC0   B8           6462          .BYTE $B8
     FCC1   FE           6463          .BYTE $FE
     FCC2   3D           6464          .BYTE $3D
     FCC3   55           6465          .BYTE $55
     FCC4   81           6466          .BYTE $81
     FCC5   EA           6467          .BYTE $EA
     FCC6   2A           6468          .BYTE $2A
     FCC7   00           6469          .BYTE $00
     FCC8   37           6470          .BYTE $37
     FCC9   48           6471          .BYTE $48
     FCCA   7F           6472          .BYTE $7F
     FCCB   0B           6473          .BYTE $0B
     FCCC   51           6474          .BYTE $51
     FCCD   FF           6475          .BYTE $FF
     FCCE   CF           6476          .BYTE $CF
     FCCF   53           6477          .BYTE $53
     FCD0   FF           6478          .BYTE $FF
     FCD1   E8           6479          .BYTE $E8
     FCD2   57           6480          .BYTE $57
     FCD3   ED           6481          .BYTE $ED
     FCD4   F3           6482          .BYTE $F3
     FCD5   CF           6483          .BYTE $CF
     FCD6   F6           6484          .BYTE $F6
.MAIN.  Commodore 6502ASM V072882    Page 2-131
   SPRITE3.ASM

Error Addr  Code          Seq   Source statement

     FCD7   FA           6485          .BYTE $FA
     FCD8   0F           6486          .BYTE $0F
     FCD9   A3           6487          .BYTE $A3
     FCDA   F9           6488          .BYTE $F9
     FCDB   5D           6489          .BYTE $5D
     FCDC   42           6490          .BYTE $42
     FCDD   BD           6491          .BYTE $BD
     FCDE   5F           6492          .BYTE $5F
     FCDF   C8           6493          .BYTE $C8
     FCE0   FC           6494          .BYTE $FC
     FCE1   4F           6495          .BYTE $4F
     FCE2   A3           6496          .BYTE $A3
     FCE3   7A           6497          .BYTE $7A
     FCE4   4F           6498          .BYTE $4F
     FCE5   EA           6499          .BYTE $EA
     FCE6   FA           6500          .BYTE $FA
     FCE7   57           6501          .BYTE $57
     FCE8   BF           6502          .BYTE $BF
     FCE9   F2           6503          .BYTE $F2
     FCEA   A3           6504          .BYTE $A3
     FCEB   FF           6505          .BYTE $FF
     FCEC   E2           6506          .BYTE $E2
     FCED   51           6507          .BYTE $51
     FCEE   FF           6508          .BYTE $FF
     FCEF   C6           6509          .BYTE $C6
     FCF0   A6           6510          .BYTE $A6
     FCF1   7F           6511          .BYTE $7F
     FCF2   25           6512          .BYTE $25
     FCF3   4A           6513          .BYTE $4A
     FCF4   80           6514          .BYTE $80
     FCF5   52           6515          .BYTE $52
     FCF6   49           6516          .BYTE $49
     FCF7   3C           6517          .BYTE $3C
     FCF8   D2           6518          .BYTE $D2
     FCF9   84           6519          .BYTE $84
     FCFA   C3           6520          .BYTE $C3
     FCFB   21           6521          .BYTE $21
     FCFC   FD           6522          .BYTE $FD
     FCFD   00           6523          .BYTE $00
     FCFE   BF           6524          .BYTE $BF
     FCFF   AA           6525          .BYTE $AA
                         6526   ;********************************
                         6527   ; SPRITE DATA FOR LANDER
                         6528   ;********************************
                         6529   ;
                         6530   ;********************************
     FD00                6531   XXFD00
                         6532   ;EXPOSION 4
                         6533    .LIB sprite4.asm
                         6534   ;********************************
.MAIN.  Commodore 6502ASM V072882    Page 2-132
   SPRITE4.ASM

Error Addr  Code          Seq   Source statement

                         6535   ; XXFD00 SPRITE DATA FOR LANDER
                         6536   ;********************************
     FD00   C0           6537          .BYTE $C0
     FD01   FF           6538          .BYTE $FF
     FD02   82           6539          .BYTE $82
     FD03   A3           6540          .BYTE $A3
     FD04   FF           6541          .BYTE $FF
     FD05   E5           6542          .BYTE $E5
     FD06   CF           6543          .BYTE $CF
     FD07   FF           6544          .BYTE $FF
     FD08   F0           6545          .BYTE $F0
     FD09   9F           6546          .BYTE $9F
     FD0A   FD           6547          .BYTE $FD
     FD0B   F8           6548          .BYTE $F8
     FD0C   3F           6549          .BYTE $3F
     FD0D   82           6550          .BYTE $82
     FD0E   FC           6551          .BYTE $FC
     FD0F   7E           6552          .BYTE $7E
     FD10   90           6553          .BYTE $90
     FD11   2E           6554          .BYTE $2E
     FD12   78           6555          .BYTE $78
     FD13   01           6556          .BYTE $01
     FD14   5E           6557          .BYTE $5E
     FD15   FC           6558          .BYTE $FC
     FD16   00           6559          .BYTE $00
     FD17   0F           6560          .BYTE $0F
     FD18   FA           6561          .BYTE $FA
     FD19   00           6562          .BYTE $00
     FD1A   1F           6563          .BYTE $1F
     FD1B   F0           6564          .BYTE $F0
     FD1C   00           6565          .BYTE $00
     FD1D   07           6566          .BYTE $07
     FD1E   FC           6567          .BYTE $FC
     FD1F   00           6568          .BYTE $00
     FD20   17           6569          .BYTE $17
     FD21   F8           6570          .BYTE $F8
     FD22   80           6571          .BYTE $80
     FD23   0F           6572          .BYTE $0F
     FD24   FA           6573          .BYTE $FA
     FD25   00           6574          .BYTE $00
     FD26   2F           6575          .BYTE $2F
     FD27   FD           6576          .BYTE $FD
     FD28   00           6577          .BYTE $00
     FD29   1F           6578          .BYTE $1F
     FD2A   7E           6579          .BYTE $7E
     FD2B   89           6580          .BYTE $89
     FD2C   9E           6581          .BYTE $9E
     FD2D   7F           6582          .BYTE $7F
     FD2E   A4           6583          .BYTE $A4
     FD2F   FE           6584          .BYTE $FE
.MAIN.  Commodore 6502ASM V072882    Page 2-133
   SPRITE4.ASM

Error Addr  Code          Seq   Source statement

     FD30   3F           6585          .BYTE $3F
     FD31   F7           6586          .BYTE $F7
     FD32   FC           6587          .BYTE $FC
     FD33   9F           6588          .BYTE $9F
     FD34   FF           6589          .BYTE $FF
     FD35   F9           6590          .BYTE $F9
     FD36   AF           6591          .BYTE $AF
     FD37   FF           6592          .BYTE $FF
     FD38   F5           6593          .BYTE $F5
     FD39   73           6594          .BYTE $73
     FD3A   FF           6595          .BYTE $FF
     FD3B   CE           6596          .BYTE $CE
     FD3C   00           6597          .BYTE $00
     FD3D   FF           6598          .BYTE $FF
     FD3E   00           6599          .BYTE $00
     FD3F   AA           6600          .BYTE $AA
                         6601   ;********************************
                         6602   ; SPRITE DATA FOR LANDER
                         6603   ;********************************
                         6604   ;
                         6605   ;********************************
     FD40                6606   XXFD40
                         6607   ;EXPOSION 5
                         6608    .LIB sprite5.asm
                         6609   ;********************************
                         6610   ; XXFD40 SPRITE DATA FOR LANDER
                         6611   ;********************************
     FD40   20           6612          .BYTE $20
     FD41   BB           6613          .BYTE $BB
     FD42   81           6614          .BYTE $81
     FD43   23           6615          .BYTE $23
     FD44   FF           6616          .BYTE $FF
     FD45   E0           6617          .BYTE $E0
     FD46   8F           6618          .BYTE $8F
     FD47   35           6619          .BYTE $35
     FD48   72           6620          .BYTE $72
     FD49   0E           6621          .BYTE $0E
     FD4A   88           6622          .BYTE $88
     FD4B   58           6623          .BYTE $58
     FD4C   38           6624          .BYTE $38
     FD4D   80           6625          .BYTE $80
     FD4E   B4           6626          .BYTE $B4
     FD4F   32           6627          .BYTE $32
     FD50   00           6628          .BYTE $00
     FD51   0E           6629          .BYTE $0E
     FD52   70           6630          .BYTE $70
     FD53   00           6631          .BYTE $00
     FD54   0A           6632          .BYTE $0A
     FD55   E8           6633          .BYTE $E8
     FD56   00           6634          .BYTE $00
.MAIN.  Commodore 6502ASM V072882    Page 2-134
   SPRITE5.ASM

Error Addr  Code          Seq   Source statement

     FD57   07           6635          .BYTE $07
     FD58   68           6636          .BYTE $68
     FD59   00           6637          .BYTE $00
     FD5A   01           6638          .BYTE $01
     FD5B   C0           6639          .BYTE $C0
     FD5C   00           6640          .BYTE $00
     FD5D   07           6641          .BYTE $07
     FD5E   D0           6642          .BYTE $D0
     FD5F   00           6643          .BYTE $00
     FD60   04           6644          .BYTE $04
     FD61   68           6645          .BYTE $68
     FD62   00           6646          .BYTE $00
     FD63   05           6647          .BYTE $05
     FD64   F0           6648          .BYTE $F0
     FD65   00           6649          .BYTE $00
     FD66   02           6650          .BYTE $02
     FD67   B4           6651          .BYTE $B4
     FD68   00           6652          .BYTE $00
     FD69   0B           6653          .BYTE $0B
     FD6A   70           6654          .BYTE $70
     FD6B   00           6655          .BYTE $00
     FD6C   06           6656          .BYTE $06
     FD6D   3A           6657          .BYTE $3A
     FD6E   80           6658          .BYTE $80
     FD6F   5A           6659          .BYTE $5A
     FD70   2E           6660          .BYTE $2E
     FD71   92           6661          .BYTE $92
     FD72   AC           6662          .BYTE $AC
     FD73   0B           6663          .BYTE $0B
     FD74   28           6664          .BYTE $28
     FD75   79           6665          .BYTE $79
     FD76   47           6666          .BYTE $47
     FD77   DB           6667          .BYTE $DB
     FD78   D0           6668          .BYTE $D0
     FD79   01           6669          .BYTE $01
     FD7A   FF           6670          .BYTE $FF
     FD7B   40           6671          .BYTE $40
     FD7C   A0           6672          .BYTE $A0
     FD7D   BD           6673          .BYTE $BD
     FD7E   0A           6674          .BYTE $0A
     FD7F   AA           6675          .BYTE $AA
                         6676   ;********************************
                         6677   ; SPRITE DATA FOR LANDER
                         6678   ;********************************
                         6679   ;
                         6680   ;********************************
     FD80                6681   XXFD80
                         6682   ;EXPOSION 6
                         6683    .LIB sprite6.asm
                         6684   ;********************************
.MAIN.  Commodore 6502ASM V072882    Page 2-135
   SPRITE6.ASM

Error Addr  Code          Seq   Source statement

                         6685   ; XXFD80 SPRITE DATA FOR LANDER
                         6686   ;********************************
     FD80   00           6687          .BYTE $00
     FD81   00           6688          .BYTE $00
     FD82   00           6689          .BYTE $00
     FD83   00           6690          .BYTE $00
     FD84   F8           6691          .BYTE $F8
     FD85   50           6692          .BYTE $50
     FD86   06           6693          .BYTE $06
     FD87   81           6694          .BYTE $81
     FD88   30           6695          .BYTE $30
     FD89   14           6696          .BYTE $14
     FD8A   00           6697          .BYTE $00
     FD8B   84           6698          .BYTE $84
     FD8C   04           6699          .BYTE $04
     FD8D   01           6700          .BYTE $01
     FD8E   1E           6701          .BYTE $1E
     FD8F   00           6702          .BYTE $00
     FD90   00           6703          .BYTE $00
     FD91   04           6704          .BYTE $04
     FD92   10           6705          .BYTE $10
     FD93   00           6706          .BYTE $00
     FD94   00           6707          .BYTE $00
     FD95   24           6708          .BYTE $24
     FD96   00           6709          .BYTE $00
     FD97   15           6710          .BYTE $15
     FD98   60           6711          .BYTE $60
     FD99   00           6712          .BYTE $00
     FD9A   01           6713          .BYTE $01
     FD9B   60           6714          .BYTE $60
     FD9C   00           6715          .BYTE $00
     FD9D   05           6716          .BYTE $05
     FD9E   20           6717          .BYTE $20
     FD9F   00           6718          .BYTE $00
     FDA0   08           6719          .BYTE $08
     FDA1   20           6720          .BYTE $20
     FDA2   00           6721          .BYTE $00
     FDA3   00           6722          .BYTE $00
     FDA4   40           6723          .BYTE $40
     FDA5   00           6724          .BYTE $00
     FDA6   0A           6725          .BYTE $0A
     FDA7   28           6726          .BYTE $28
     FDA8   00           6727          .BYTE $00
     FDA9   04           6728          .BYTE $04
     FDAA   00           6729          .BYTE $00
     FDAB   00           6730          .BYTE $00
     FDAC   06           6731          .BYTE $06
     FDAD   20           6732          .BYTE $20
     FDAE   00           6733          .BYTE $00
     FDAF   00           6734          .BYTE $00
.MAIN.  Commodore 6502ASM V072882    Page 2-136
   SPRITE6.ASM

Error Addr  Code          Seq   Source statement

     FDB0   08           6735          .BYTE $08
     FDB1   00           6736          .BYTE $00
     FDB2   0C           6737          .BYTE $0C
     FDB3   0C           6738          .BYTE $0C
     FDB4   80           6739          .BYTE $80
     FDB5   38           6740          .BYTE $38
     FDB6   00           6741          .BYTE $00
     FDB7   00           6742          .BYTE $00
     FDB8   00           6743          .BYTE $00
     FDB9   00           6744          .BYTE $00
     FDBA   CD           6745          .BYTE $CD
     FDBB   C0           6746          .BYTE $C0
     FDBC   00           6747          .BYTE $00
     FDBD   07           6748          .BYTE $07
     FDBE   00           6749          .BYTE $00
     FDBF   AA           6750          .BYTE $AA
                         6751   ;********************************
                         6752   ; SPRITE DATA FOR LANDER
                         6753   ;********************************
                         6754   ;
                         6755   ;********************************
     FDC0                6756   XXFDC0
                         6757   ;EXPOSION 7
                         6758    .LIB sprite7.asm
                         6759   ;********************************
                         6760   ; XXFDC0 SPRITE DATA FOR LANDER
                         6761   ;********************************
     FDC0   00           6762          .BYTE $00
     FDC1   00           6763          .BYTE $00
     FDC2   00           6764          .BYTE $00
     FDC3   00           6765          .BYTE $00
     FDC4   0C           6766          .BYTE $0C
     FDC5   00           6767          .BYTE $00
     FDC6   01           6768          .BYTE $01
     FDC7   00           6769          .BYTE $00
     FDC8   10           6770          .BYTE $10
     FDC9   00           6771          .BYTE $00
     FDCA   00           6772          .BYTE $00
     FDCB   00           6773          .BYTE $00
     FDCC   20           6774          .BYTE $20
     FDCD   00           6775          .BYTE $00
     FDCE   00           6776          .BYTE $00
     FDCF   00           6777          .BYTE $00
     FDD0   00           6778          .BYTE $00
     FDD1   02           6779          .BYTE $02
     FDD2   00           6780          .BYTE $00
     FDD3   00           6781          .BYTE $00
     FDD4   01           6782          .BYTE $01
     FDD5   00           6783          .BYTE $00
     FDD6   00           6784          .BYTE $00
.MAIN.  Commodore 6502ASM V072882    Page 2-137
   SPRITE7.ASM

Error Addr  Code          Seq   Source statement

     FDD7   00           6785          .BYTE $00
     FDD8   00           6786          .BYTE $00
     FDD9   00           6787          .BYTE $00
     FDDA   02           6788          .BYTE $02
     FDDB   00           6789          .BYTE $00
     FDDC   00           6790          .BYTE $00
     FDDD   02           6791          .BYTE $02
     FDDE   00           6792          .BYTE $00
     FDDF   00           6793          .BYTE $00
     FDE0   00           6794          .BYTE $00
     FDE1   80           6795          .BYTE $80
     FDE2   00           6796          .BYTE $00
     FDE3   00           6797          .BYTE $00
     FDE4   00           6798          .BYTE $00
     FDE5   00           6799          .BYTE $00
     FDE6   02           6800          .BYTE $02
     FDE7   40           6801          .BYTE $40
     FDE8   00           6802          .BYTE $00
     FDE9   00           6803          .BYTE $00
     FDEA   00           6804          .BYTE $00
     FDEB   00           6805          .BYTE $00
     FDEC   04           6806          .BYTE $04
     FDED   00           6807          .BYTE $00
     FDEE   00           6808          .BYTE $00
     FDEF   00           6809          .BYTE $00
     FDF0   00           6810          .BYTE $00
     FDF1   00           6811          .BYTE $00
     FDF2   00           6812          .BYTE $00
     FDF3   00           6813          .BYTE $00
     FDF4   00           6814          .BYTE $00
     FDF5   00           6815          .BYTE $00
     FDF6   20           6816          .BYTE $20
     FDF7   00           6817          .BYTE $00
     FDF8   10           6818          .BYTE $10
     FDF9   08           6819          .BYTE $08
     FDFA   00           6820          .BYTE $00
     FDFB   24           6821          .BYTE $24
     FDFC   00           6822          .BYTE $00
     FDFD   C0           6823          .BYTE $C0
     FDFE   00           6824          .BYTE $00
     FDFF   AA           6825          .BYTE $AA
                         6826   ;********************************
                         6827   ; SPRITE DATA FOR LANDER
                         6828   ;********************************
                         6829   ;
                         6830   ;********************************
     FE00                6831   XXFE00
                         6832   ;MAIN ENGINE 1
                         6833    .LIB sprite8.asm
                         6834   ;********************************
.MAIN.  Commodore 6502ASM V072882    Page 2-138
   SPRITE8.ASM

Error Addr  Code          Seq   Source statement

                         6835   ; XXFE00 SPRITE DATA FOR LANDER
                         6836   ;********************************
     FE00   00           6837          .BYTE $00
     FE01   00           6838          .BYTE $00
     FE02   00           6839          .BYTE $00
     FE03   00           6840          .BYTE $00
     FE04   00           6841          .BYTE $00
     FE05   00           6842          .BYTE $00
     FE06   00           6843          .BYTE $00
     FE07   00           6844          .BYTE $00
     FE08   00           6845          .BYTE $00
     FE09   00           6846          .BYTE $00
     FE0A   00           6847          .BYTE $00
     FE0B   00           6848          .BYTE $00
     FE0C   00           6849          .BYTE $00
     FE0D   00           6850          .BYTE $00
     FE0E   00           6851          .BYTE $00
     FE0F   00           6852          .BYTE $00
     FE10   00           6853          .BYTE $00
     FE11   00           6854          .BYTE $00
     FE12   00           6855          .BYTE $00
     FE13   00           6856          .BYTE $00
     FE14   00           6857          .BYTE $00
     FE15   00           6858          .BYTE $00
     FE16   00           6859          .BYTE $00
     FE17   00           6860          .BYTE $00
     FE18   00           6861          .BYTE $00
     FE19   00           6862          .BYTE $00
     FE1A   00           6863          .BYTE $00
     FE1B   00           6864          .BYTE $00
     FE1C   00           6865          .BYTE $00
     FE1D   00           6866          .BYTE $00
     FE1E   00           6867          .BYTE $00
     FE1F   00           6868          .BYTE $00
     FE20   00           6869          .BYTE $00
     FE21   00           6870          .BYTE $00
     FE22   00           6871          .BYTE $00
     FE23   00           6872          .BYTE $00
     FE24   00           6873          .BYTE $00
     FE25   00           6874          .BYTE $00
     FE26   00           6875          .BYTE $00
     FE27   00           6876          .BYTE $00
     FE28   00           6877          .BYTE $00
     FE29   00           6878          .BYTE $00
     FE2A   00           6879          .BYTE $00
     FE2B   00           6880          .BYTE $00
     FE2C   00           6881          .BYTE $00
     FE2D   00           6882          .BYTE $00
     FE2E   00           6883          .BYTE $00
     FE2F   00           6884          .BYTE $00
.MAIN.  Commodore 6502ASM V072882    Page 2-139
   SPRITE8.ASM

Error Addr  Code          Seq   Source statement

     FE30   00           6885          .BYTE $00
     FE31   3C           6886          .BYTE $3C
     FE32   00           6887          .BYTE $00
     FE33   01           6888          .BYTE $01
     FE34   FF           6889          .BYTE $FF
     FE35   80           6890          .BYTE $80
     FE36   00           6891          .BYTE $00
     FE37   FF           6892          .BYTE $FF
     FE38   00           6893          .BYTE $00
     FE39   00           6894          .BYTE $00
     FE3A   3C           6895          .BYTE $3C
     FE3B   00           6896          .BYTE $00
     FE3C   00           6897          .BYTE $00
     FE3D   00           6898          .BYTE $00
     FE3E   00           6899          .BYTE $00
     FE3F   AA           6900          .BYTE $AA
                         6901   ;********************************
                         6902   ; SPRITE DATA FOR LANDER
                         6903   ;********************************
                         6904   ;
                         6905   ;********************************
     FE40                6906   XXFE40
                         6907   ;MAIN ENGINE 2
                         6908    .LIB sprite9.asm
                         6909   ;********************************
                         6910   ; XXFE40 SPRITE DATA FOR LANDER
                         6911   ;********************************
     FE40   00           6912          .BYTE $00
     FE41   00           6913          .BYTE $00
     FE42   00           6914          .BYTE $00
     FE43   00           6915          .BYTE $00
     FE44   00           6916          .BYTE $00
     FE45   00           6917          .BYTE $00
     FE46   00           6918          .BYTE $00
     FE47   00           6919          .BYTE $00
     FE48   00           6920          .BYTE $00
     FE49   00           6921          .BYTE $00
     FE4A   00           6922          .BYTE $00
     FE4B   00           6923          .BYTE $00
     FE4C   00           6924          .BYTE $00
     FE4D   00           6925          .BYTE $00
     FE4E   00           6926          .BYTE $00
     FE4F   00           6927          .BYTE $00
     FE50   00           6928          .BYTE $00
     FE51   00           6929          .BYTE $00
     FE52   00           6930          .BYTE $00
     FE53   00           6931          .BYTE $00
     FE54   00           6932          .BYTE $00
     FE55   00           6933          .BYTE $00
     FE56   00           6934          .BYTE $00
.MAIN.  Commodore 6502ASM V072882    Page 2-140
   SPRITE9.ASM

Error Addr  Code          Seq   Source statement

     FE57   00           6935          .BYTE $00
     FE58   00           6936          .BYTE $00
     FE59   00           6937          .BYTE $00
     FE5A   00           6938          .BYTE $00
     FE5B   00           6939          .BYTE $00
     FE5C   00           6940          .BYTE $00
     FE5D   00           6941          .BYTE $00
     FE5E   00           6942          .BYTE $00
     FE5F   00           6943          .BYTE $00
     FE60   00           6944          .BYTE $00
     FE61   00           6945          .BYTE $00
     FE62   00           6946          .BYTE $00
     FE63   00           6947          .BYTE $00
     FE64   00           6948          .BYTE $00
     FE65   00           6949          .BYTE $00
     FE66   00           6950          .BYTE $00
     FE67   00           6951          .BYTE $00
     FE68   00           6952          .BYTE $00
     FE69   00           6953          .BYTE $00
     FE6A   00           6954          .BYTE $00
     FE6B   00           6955          .BYTE $00
     FE6C   00           6956          .BYTE $00
     FE6D   00           6957          .BYTE $00
     FE6E   00           6958          .BYTE $00
     FE6F   00           6959          .BYTE $00
     FE70   00           6960          .BYTE $00
     FE71   00           6961          .BYTE $00
     FE72   00           6962          .BYTE $00
     FE73   01           6963          .BYTE $01
     FE74   E7           6964          .BYTE $E7
     FE75   80           6965          .BYTE $80
     FE76   00           6966          .BYTE $00
     FE77   FF           6967          .BYTE $FF
     FE78   00           6968          .BYTE $00
     FE79   00           6969          .BYTE $00
     FE7A   7E           6970          .BYTE $7E
     FE7B   00           6971          .BYTE $00
     FE7C   00           6972          .BYTE $00
     FE7D   3C           6973          .BYTE $3C
     FE7E   00           6974          .BYTE $00
     FE7F   AA           6975          .BYTE $AA
                         6976   ;********************************
                         6977   ; SPRITE DATA FOR LANDER
                         6978   ;********************************
                         6979   ;
                         6980   ;********************************
     FE80                6981   XXFE80
                         6982   ;LEFT TRUSTER
                         6983    .LIB spritea.asm
                         6984   ;********************************
.MAIN.  Commodore 6502ASM V072882    Page 2-141
   SPRITEA.ASM

Error Addr  Code          Seq   Source statement

                         6985   ; XXFE80 SPRITE DATA FOR LANDER
                         6986   ;********************************
     FE80   00           6987          .BYTE $00
     FE81   00           6988          .BYTE $00
     FE82   00           6989          .BYTE $00
     FE83   00           6990          .BYTE $00
     FE84   00           6991          .BYTE $00
     FE85   00           6992          .BYTE $00
     FE86   00           6993          .BYTE $00
     FE87   00           6994          .BYTE $00
     FE88   00           6995          .BYTE $00
     FE89   00           6996          .BYTE $00
     FE8A   00           6997          .BYTE $00
     FE8B   00           6998          .BYTE $00
     FE8C   00           6999          .BYTE $00
     FE8D   00           7000          .BYTE $00
     FE8E   00           7001          .BYTE $00
     FE8F   30           7002          .BYTE $30
     FE90   00           7003          .BYTE $00
     FE91   00           7004          .BYTE $00
     FE92   C0           7005          .BYTE $C0
     FE93   00           7006          .BYTE $00
     FE94   00           7007          .BYTE $00
     FE95   30           7008          .BYTE $30
     FE96   00           7009          .BYTE $00
     FE97   00           7010          .BYTE $00
     FE98   00           7011          .BYTE $00
     FE99   00           7012          .BYTE $00
     FE9A   00           7013          .BYTE $00
     FE9B   00           7014          .BYTE $00
     FE9C   00           7015          .BYTE $00
     FE9D   00           7016          .BYTE $00
     FE9E   00           7017          .BYTE $00
     FE9F   00           7018          .BYTE $00
     FEA0   00           7019          .BYTE $00
     FEA1   00           7020          .BYTE $00
     FEA2   00           7021          .BYTE $00
     FEA3   00           7022          .BYTE $00
     FEA4   00           7023          .BYTE $00
     FEA5   00           7024          .BYTE $00
     FEA6   00           7025          .BYTE $00
     FEA7   00           7026          .BYTE $00
     FEA8   00           7027          .BYTE $00
     FEA9   00           7028          .BYTE $00
     FEAA   00           7029          .BYTE $00
     FEAB   00           7030          .BYTE $00
     FEAC   00           7031          .BYTE $00
     FEAD   00           7032          .BYTE $00
     FEAE   00           7033          .BYTE $00
     FEAF   00           7034          .BYTE $00
.MAIN.  Commodore 6502ASM V072882    Page 2-142
   SPRITEA.ASM

Error Addr  Code          Seq   Source statement

     FEB0   00           7035          .BYTE $00
     FEB1   00           7036          .BYTE $00
     FEB2   00           7037          .BYTE $00
     FEB3   00           7038          .BYTE $00
     FEB4   00           7039          .BYTE $00
     FEB5   00           7040          .BYTE $00
     FEB6   00           7041          .BYTE $00
     FEB7   00           7042          .BYTE $00
     FEB8   00           7043          .BYTE $00
     FEB9   00           7044          .BYTE $00
     FEBA   00           7045          .BYTE $00
     FEBB   00           7046          .BYTE $00
     FEBC   00           7047          .BYTE $00
     FEBD   00           7048          .BYTE $00
     FEBE   00           7049          .BYTE $00
     FEBF   AA           7050          .BYTE $AA
                         7051   ;********************************
                         7052   ; SPRITE DATA FOR LANDER
                         7053   ;********************************
                         7054   ;
                         7055   ;********************************
     FEC0                7056   XXFEC0
                         7057   ;RIGHT TRUSTER
                         7058    .LIB spriteb.asm
                         7059   ;********************************
                         7060   ; XXFEC0 SPRITE DATA FOR LANDER
                         7061   ;********************************
     FEC0   00           7062          .BYTE $00
     FEC1   00           7063          .BYTE $00
     FEC2   00           7064          .BYTE $00
     FEC3   00           7065          .BYTE $00
     FEC4   00           7066          .BYTE $00
     FEC5   00           7067          .BYTE $00
     FEC6   00           7068          .BYTE $00
     FEC7   00           7069          .BYTE $00
     FEC8   00           7070          .BYTE $00
     FEC9   00           7071          .BYTE $00
     FECA   00           7072          .BYTE $00
     FECB   00           7073          .BYTE $00
     FECC   00           7074          .BYTE $00
     FECD   00           7075          .BYTE $00
     FECE   00           7076          .BYTE $00
     FECF   00           7077          .BYTE $00
     FED0   00           7078          .BYTE $00
     FED1   0C           7079          .BYTE $0C
     FED2   00           7080          .BYTE $00
     FED3   00           7081          .BYTE $00
     FED4   03           7082          .BYTE $03
     FED5   00           7083          .BYTE $00
     FED6   00           7084          .BYTE $00
.MAIN.  Commodore 6502ASM V072882    Page 2-143
   SPRITEB.ASM

Error Addr  Code          Seq   Source statement

     FED7   0C           7085          .BYTE $0C
     FED8   00           7086          .BYTE $00
     FED9   00           7087          .BYTE $00
     FEDA   00           7088          .BYTE $00
     FEDB   00           7089          .BYTE $00
     FEDC   00           7090          .BYTE $00
     FEDD   00           7091          .BYTE $00
     FEDE   00           7092          .BYTE $00
     FEDF   00           7093          .BYTE $00
     FEE0   00           7094          .BYTE $00
     FEE1   00           7095          .BYTE $00
     FEE2   00           7096          .BYTE $00
     FEE3   00           7097          .BYTE $00
     FEE4   00           7098          .BYTE $00
     FEE5   00           7099          .BYTE $00
     FEE6   00           7100          .BYTE $00
     FEE7   00           7101          .BYTE $00
     FEE8   00           7102          .BYTE $00
     FEE9   00           7103          .BYTE $00
     FEEA   00           7104          .BYTE $00
     FEEB   00           7105          .BYTE $00
     FEEC   00           7106          .BYTE $00
     FEED   00           7107          .BYTE $00
     FEEE   00           7108          .BYTE $00
     FEEF   00           7109          .BYTE $00
     FEF0   00           7110          .BYTE $00
     FEF1   00           7111          .BYTE $00
     FEF2   00           7112          .BYTE $00
     FEF3   00           7113          .BYTE $00
     FEF4   00           7114          .BYTE $00
     FEF5   00           7115          .BYTE $00
     FEF6   00           7116          .BYTE $00
     FEF7   00           7117          .BYTE $00
     FEF8   00           7118          .BYTE $00
     FEF9   00           7119          .BYTE $00
     FEFA   00           7120          .BYTE $00
     FEFB   00           7121          .BYTE $00
     FEFC   00           7122          .BYTE $00
     FEFD   00           7123          .BYTE $00
     FEFE   00           7124          .BYTE $00
     FEFF   AA           7125          .BYTE $AA
                         7126   ;********************************
                         7127   ; SPRITE DATA FOR LANDER
                         7128   ;********************************
                         7129   ;
                         7130   ;********************************
     FF00   AA           7131   XXFF00 .BYTE $AA
     FF01   AA           7132          .BYTE $AA
     FF02   AA           7133          .BYTE $AA
     FF03   AA           7134          .BYTE $AA
.MAIN.  Commodore 6502ASM V072882    Page 2-144
   JUPITERLANDER.asm

Error Addr  Code          Seq   Source statement

     FF04   AA           7135          .BYTE $AA
     FF05   AA           7136          .BYTE $AA
     FF06   AA           7137          .BYTE $AA
     FF07   AA           7138          .BYTE $AA
     FF08   AA           7139          .BYTE $AA
     FF09   AA           7140          .BYTE $AA
     FF0A   AA           7141          .BYTE $AA
     FF0B   AA           7142          .BYTE $AA
     FF0C   AA           7143          .BYTE $AA
     FF0D   AA           7144          .BYTE $AA
     FF0E   AA           7145          .BYTE $AA
     FF0F   AA           7146          .BYTE $AA
     FF10   AA           7147          .BYTE $AA
     FF11   AA           7148          .BYTE $AA
     FF12   AA           7149          .BYTE $AA
     FF13   AA           7150          .BYTE $AA
     FF14   AA           7151          .BYTE $AA
     FF15   AA           7152          .BYTE $AA
     FF16   AA           7153          .BYTE $AA
     FF17   AA           7154          .BYTE $AA
     FF18   AA           7155          .BYTE $AA
     FF19   AA           7156          .BYTE $AA
     FF1A   AA           7157          .BYTE $AA
     FF1B   AA           7158          .BYTE $AA
     FF1C   AA           7159          .BYTE $AA
     FF1D   AA           7160          .BYTE $AA
     FF1E   AA           7161          .BYTE $AA
     FF1F   AA           7162          .BYTE $AA
     FF20   AA           7163          .BYTE $AA
     FF21   AA           7164          .BYTE $AA
     FF22   AA           7165          .BYTE $AA
     FF23   AA           7166          .BYTE $AA
     FF24   AA           7167          .BYTE $AA
     FF25   AA           7168          .BYTE $AA
     FF26   AA           7169          .BYTE $AA
     FF27   AA           7170          .BYTE $AA
     FF28   AA           7171          .BYTE $AA
     FF29   AA           7172          .BYTE $AA
     FF2A   AA           7173          .BYTE $AA
     FF2B   AA           7174          .BYTE $AA
     FF2C   AA           7175          .BYTE $AA
     FF2D   AA           7176          .BYTE $AA
     FF2E   AA           7177          .BYTE $AA
     FF2F   AA           7178          .BYTE $AA
     FF30   AA           7179          .BYTE $AA
     FF31   AA           7180          .BYTE $AA
     FF32   AA           7181          .BYTE $AA
     FF33   AA           7182          .BYTE $AA
     FF34   AA           7183          .BYTE $AA
     FF35   AA           7184          .BYTE $AA
.MAIN.  Commodore 6502ASM V072882    Page 2-145
   JUPITERLANDER.asm

Error Addr  Code          Seq   Source statement

     FF36   AA           7185          .BYTE $AA
     FF37   AA           7186          .BYTE $AA
     FF38   AA           7187          .BYTE $AA
     FF39   AA           7188          .BYTE $AA
     FF3A   AA           7189          .BYTE $AA
     FF3B   AA           7190          .BYTE $AA
     FF3C   AA           7191          .BYTE $AA
     FF3D   AA           7192          .BYTE $AA
     FF3E   AA           7193          .BYTE $AA
     FF3F   AA           7194          .BYTE $AA
     FF40   AA           7195          .BYTE $AA
     FF41   AA           7196          .BYTE $AA
     FF42   AA           7197          .BYTE $AA
     FF43   AA           7198          .BYTE $AA
     FF44   AA           7199          .BYTE $AA
     FF45   AA           7200          .BYTE $AA
     FF46   AA           7201          .BYTE $AA
     FF47   AA           7202          .BYTE $AA
     FF48   AA           7203          .BYTE $AA
     FF49   AA           7204          .BYTE $AA
     FF4A   AA           7205          .BYTE $AA
     FF4B   AA           7206          .BYTE $AA
     FF4C   AA           7207          .BYTE $AA
     FF4D   AA           7208          .BYTE $AA
     FF4E   AA           7209          .BYTE $AA
     FF4F   AA           7210          .BYTE $AA
     FF50   AA           7211          .BYTE $AA
     FF51   AA           7212          .BYTE $AA
     FF52   AA           7213          .BYTE $AA
     FF53   AA           7214          .BYTE $AA
     FF54   AA           7215          .BYTE $AA
     FF55   AA           7216          .BYTE $AA
     FF56   AA           7217          .BYTE $AA
     FF57   AA           7218          .BYTE $AA
     FF58   AA           7219          .BYTE $AA
     FF59   AA           7220          .BYTE $AA
     FF5A   AA           7221          .BYTE $AA
     FF5B   AA           7222          .BYTE $AA
     FF5C   AA           7223          .BYTE $AA
     FF5D   AA           7224          .BYTE $AA
     FF5E   AA           7225          .BYTE $AA
     FF5F   AA           7226          .BYTE $AA
     FF60   AA           7227          .BYTE $AA
     FF61   AA           7228          .BYTE $AA
     FF62   AA           7229          .BYTE $AA
     FF63   AA           7230          .BYTE $AA
     FF64   AA           7231          .BYTE $AA
     FF65   AA           7232          .BYTE $AA
     FF66   AA           7233          .BYTE $AA
     FF67   AA           7234          .BYTE $AA
.MAIN.  Commodore 6502ASM V072882    Page 2-146
   JUPITERLANDER.asm

Error Addr  Code          Seq   Source statement

     FF68   AA           7235          .BYTE $AA
     FF69   AA           7236          .BYTE $AA
     FF6A   AA           7237          .BYTE $AA
     FF6B   AA           7238          .BYTE $AA
     FF6C   AA           7239          .BYTE $AA
     FF6D   AA           7240          .BYTE $AA
     FF6E   AA           7241          .BYTE $AA
     FF6F   AA           7242          .BYTE $AA
     FF70   AA           7243          .BYTE $AA
     FF71   AA           7244          .BYTE $AA
     FF72   AA           7245          .BYTE $AA
     FF73   AA           7246          .BYTE $AA
     FF74   AA           7247          .BYTE $AA
     FF75   AA           7248          .BYTE $AA
     FF76   AA           7249          .BYTE $AA
     FF77   AA           7250          .BYTE $AA
     FF78   AA           7251          .BYTE $AA
     FF79   AA           7252          .BYTE $AA
     FF7A   AA           7253          .BYTE $AA
     FF7B   AA           7254          .BYTE $AA
     FF7C   AA           7255          .BYTE $AA
     FF7D   AA           7256          .BYTE $AA
     FF7E   AA           7257          .BYTE $AA
     FF7F   AA           7258          .BYTE $AA
     FF80   AA           7259   IDBYTE .BYTE $AA
     FF81   AA           7260   CINT   .BYTE $AA
     FF82   AA           7261          .BYTE $AA
     FF83   AA           7262          .BYTE $AA
     FF84   AA           7263   IOINIT .BYTE $AA
     FF85   AA           7264          .BYTE $AA
     FF86   AA           7265          .BYTE $AA
     FF87   AA           7266   RAMTAS .BYTE $AA
     FF88   AA           7267          .BYTE $AA
     FF89   AA           7268          .BYTE $AA
     FF8A   AA           7269   RESTOR .BYTE $AA
     FF8B   AA           7270          .BYTE $AA
     FF8C   AA           7271          .BYTE $AA
     FF8D   AA           7272   VECTOR .BYTE $AA
     FF8E   AA           7273          .BYTE $AA
     FF8F   AA           7274          .BYTE $AA
     FF90   AA           7275   SETMSG .BYTE $AA
     FF91   AA           7276          .BYTE $AA
     FF92   AA           7277          .BYTE $AA
     FF93   AA           7278   SECOND .BYTE $AA
     FF94   AA           7279          .BYTE $AA
     FF95   AA           7280          .BYTE $AA
     FF96   AA           7281   TKSA   .BYTE $AA
     FF97   AA           7282          .BYTE $AA
     FF98   AA           7283          .BYTE $AA
     FF99   AA           7284   MEMTOP .BYTE $AA
.MAIN.  Commodore 6502ASM V072882    Page 2-147
   JUPITERLANDER.asm

Error Addr  Code          Seq   Source statement

     FF9A   AA           7285          .BYTE $AA
     FF9B   AA           7286          .BYTE $AA
     FF9C   AA           7287   MEMBOT .BYTE $AA
     FF9D   AA           7288          .BYTE $AA
     FF9E   AA           7289          .BYTE $AA
     FF9F   AA           7290   SCNKEY .BYTE $AA
     FFA0   AA           7291          .BYTE $AA
     FFA1   AA           7292          .BYTE $AA
     FFA2   AA           7293   SETTMO .BYTE $AA
     FFA3   AA           7294          .BYTE $AA
     FFA4   AA           7295          .BYTE $AA
     FFA5   AA           7296   ACPTR  .BYTE $AA
     FFA6   AA           7297          .BYTE $AA
     FFA7   AA           7298          .BYTE $AA
     FFA8   AA           7299   CIOUT  .BYTE $AA
     FFA9   AA           7300          .BYTE $AA
     FFAA   AA           7301          .BYTE $AA
     FFAB   AA           7302   UNTLK  .BYTE $AA
     FFAC   AA           7303          .BYTE $AA
     FFAD   AA           7304          .BYTE $AA
     FFAE   AA           7305   UNLSN  .BYTE $AA
     FFAF   AA           7306          .BYTE $AA
     FFB0   AA           7307          .BYTE $AA
     FFB1   AA           7308   LISTEN .BYTE $AA
     FFB2   AA           7309          .BYTE $AA
     FFB3   AA           7310          .BYTE $AA
     FFB4   AA           7311   TALK   .BYTE $AA
     FFB5   AA           7312          .BYTE $AA
     FFB6   AA           7313          .BYTE $AA
     FFB7   AA           7314   READST .BYTE $AA
     FFB8   AA           7315          .BYTE $AA
     FFB9   AA           7316          .BYTE $AA
     FFBA   AA           7317   SETLFS .BYTE $AA
     FFBB   AA           7318          .BYTE $AA
     FFBC   AA           7319          .BYTE $AA
     FFBD   AA           7320   SETNAM .BYTE $AA
     FFBE   AA           7321          .BYTE $AA
     FFBF   AA           7322          .BYTE $AA
     FFC0   AA           7323   OPEN   .BYTE $AA
     FFC1   AA           7324          .BYTE $AA
     FFC2   AA           7325          .BYTE $AA
     FFC3   AA           7326   CLOSE  .BYTE $AA
     FFC4   AA           7327          .BYTE $AA
     FFC5   AA           7328          .BYTE $AA
     FFC6   AA           7329   CHKIN  .BYTE $AA
     FFC7   AA           7330          .BYTE $AA
     FFC8   AA           7331          .BYTE $AA
     FFC9   AA           7332   CHKOUT .BYTE $AA
     FFCA   AA           7333          .BYTE $AA
     FFCB   AA           7334          .BYTE $AA
.MAIN.  Commodore 6502ASM V072882    Page 2-148
   JUPITERLANDER.asm

Error Addr  Code          Seq   Source statement

     FFCC   AA           7335   CLRCHN .BYTE $AA
     FFCD   AA           7336          .BYTE $AA
     FFCE   AA           7337          .BYTE $AA
     FFCF   AA           7338   CHRIN  .BYTE $AA
     FFD0   AA           7339          .BYTE $AA
     FFD1   AA           7340          .BYTE $AA
     FFD2   AA           7341   CHROUT .BYTE $AA
     FFD3   AA           7342          .BYTE $AA
     FFD4   AA           7343          .BYTE $AA
     FFD5   AA           7344   LOAD   .BYTE $AA
     FFD6   AA           7345          .BYTE $AA
     FFD7   AA           7346          .BYTE $AA
     FFD8   AA           7347   SAVE   .BYTE $AA
     FFD9   AA           7348          .BYTE $AA
     FFDA   AA           7349          .BYTE $AA
     FFDB   AA           7350   SETTIM .BYTE $AA
     FFDC   AA           7351          .BYTE $AA
     FFDD   AA           7352          .BYTE $AA
     FFDE   AA           7353   RDTIM  .BYTE $AA
     FFDF   AA           7354          .BYTE $AA
     FFE0   AA           7355          .BYTE $AA
     FFE1   AA           7356   STOP   .BYTE $AA
     FFE2   AA           7357          .BYTE $AA
     FFE3   AA           7358          .BYTE $AA
     FFE4   AA           7359   GETIN  .BYTE $AA
     FFE5   AA           7360          .BYTE $AA
     FFE6   AA           7361          .BYTE $AA
     FFE7   AA           7362   CLALL  .BYTE $AA
     FFE8   AA           7363          .BYTE $AA
     FFE9   AA           7364          .BYTE $AA
     FFEA   AA           7365   UDTIM  .BYTE $AA
     FFEB   AA           7366          .BYTE $AA
     FFEC   AA           7367          .BYTE $AA
     FFED   AA           7368   SCREEN .BYTE $AA
     FFEE   AA           7369          .BYTE $AA
     FFEF   AA           7370          .BYTE $AA
     FFF0   AA           7371   PLOT   .BYTE $AA
     FFF1   AA           7372          .BYTE $AA
     FFF2   AA           7373          .BYTE $AA
     FFF3   AA           7374   IOBASE .BYTE $AA
     FFF4   AA           7375          .BYTE $AA
     FFF5   AA           7376          .BYTE $AA
     FFF6   AA           7377          .BYTE $AA
     FFF7   AA           7378          .BYTE $AA
     FFF8   AA           7379          .BYTE $AA
     FFF9   AA           7380          .BYTE $AA
                         7381   ;********************************
                         7382   ;*=$FFFA
                         7383   ;********************************
     FFFA   E037         7384   NMIVEC .WORD XXNMIV ;$E037
.MAIN.  Commodore 6502ASM V072882    Page 2-149
   JUPITERLANDER.asm

Error Addr  Code          Seq   Source statement

     FFFC   E037         7385   RESVEC .WORD XXNMIV ;$E037
     FFFE   EB39         7386   IRQVEC .WORD XXEB39 ;$EB39
                         7387   ;********************************
                         7388   ; END OF JUPITER LANDER FOR THE C64
                         7389   ;********************************
                         7390    .END

Errors detected in 0 lines.

 value name                            cross reference

S 0000 A                               
  FFA5 ACPTR                             7296#
= D405 ATDCY1                             112#
= D40C ATDCY2                             120#
= D413 ATDCY3                             128#
= D021 BGCOL0                             320$    89#
= D022 BGCOL1                              90#
= D023 BGCOL2                              91#
= D024 BGCOL3                              92#
= 0000 BLACK                             1890#
  FFC6 CHKIN                             7329#
  FFC9 CHKOUT                            7332#
  FFCF CHRIN                             7338#
  FFD2 CHROUT                            7341#
= DC0E CIACRA                             289$   155#
= DC0F CIACRB                             273$   156#
= DC0D CIAICR                             287$   271$   154#
= DC00 CIAPRA                             145#
= DC01 CIAPRB                             146#
= DC02 CIDDRA                             277$   147#
= DC03 CIDDRB                             275$   148#
  FF81 CINT                              7260#
  FFA8 CIOUT                             7299#
  FFE7 CLALL                             7362#
  FFC3 CLOSE                             7326#
  FFCC CLRCHN                            7335#
= D800 COLRAM                             143#
= 0002 CRAMPT                              20#
= D416 CUTHI                              802$   132#
= D415 CUTLO                              131#
  EE45 DELAY0                            2744#  2737?
  EE3E DELAY1                            3902   3901   3900   2739   2737#  2078?  2072?  2066?  2027?  2017?  1993?  1971?  1951?
                                         1931?  1911?  1884?  1294?  1280?  1265?  1233?  1221?  1097?  1077?  1057?  1045?   710?
                                          445?   395?
= D41C ENV3                               141#
= D020 EXTCOL                             321$    88#
= D401 FREHI1                             709$   108#
= D408 FREHI2                             116#
= D40F FREHI3                             124#
= D400 FRELO1                             107#
= D407 FRELO2                             115#
= D40E FRELO3                             123#
  FFE4 GETIN                             7359#
  FF80 IDBYTE                            7259#
  FFF3 IOBASE                            7374#
  FF84 IOINIT                            7263#
= D01A IRQMSK                              80#
  FFFE IRQVEC                            7386#
  FFB1 LISTEN                            7308#
  FFD5 LOAD                              7344#
= D013 LP1NX                               69#
= D014 LPENY                               71#
  FF9C MEMBOT                            7287#
  FF99 MEMTOP                            7284#
= D010 MSIGX                               65#
  FFFA NMIVEC                            7384#
  FFC0 OPEN                              7323#
  FFF0 PLOT                              7371#
= D419 POTX                               137#
= D41A POTY                               138#
= D403 PWHI1                              110#
= D40A PWHI2                              118#
= D411 PWHI3                              126#
= D402 PWLO1                              109#
= D409 PWLO2                              117#
= D410 PWLO3                              125#
= D012 RA1TER                              68#
  FF87 RAMTAS                            7266#
= D41B RANDOM                             140#
  FFDE RDTIM                             7353#
  FFB7 READST                            7314#
= D417 RESON                              805$   134#
  FF8A RESTOR                            7269#
  FFFC RESVEC                            7385#
  FFD8 SAVE                              7347#
  FF9F SCNKEY                            7290#
  FFED SCREEN                            7368#
= D016 SCROLX                              74#
= D011 SCROLY                             254$    67#
  FF93 SECOND                            7278#
  FFBA SETLFS                            7317#
  FF90 SETMSG                            7275#
  FFBD SETNAM                            7320#
  FFDB SETTIM                            7350#
  FFA2 SETTMO                            7293#
= D400 SIDREG                             706$   263$   106#
= D418 SIGVOL                             316$   135#
= D027 SP0COL                              97#
= D000 SP0X                                41#
= D001 SP0Y                                42#
= D028 SP1COL                             392$    98#
= D002 SP1X                               926$    44#
= D003 SP1Y                               933$    45#
= D029 SP2COL                              99#
= D004 SP2X                               927$    47#
= D005 SP2Y                               934$    48#
= D02A SP3COL                             100#
= D006 SP3X                               928$    50#
= D007 SP3Y                               935$    51#
= D02B SP4COL                             101#
= D008 SP4X                                53#
= D009 SP4Y                                54#
= D02C SP5COL                             102#
= D00A SP5X                                56#
= D00B SP5Y                                57#
= D02D SP6COL                             103#
= D00C SP6X                                59#
= D00D SP6Y                                60#
= D02E SP7COL                             104#
= D00E SP7X                                62#
= D00F SP7Y                                63#
= D01F SPBGCL                              86#
= D01B SPBGPR                              82#
= D015 SPENA                              859$   842$   454$    72#
= D01C SPMC                                83#
= D025 SPMC0                               94#
= D026 SPMC1                               95#
= 07F8 SPRITE0                             26#
= 07F9 SPRITE1                           1258$   996$   962$    27#
= 07FA SPRITE2                            960$    28#
= 07FB SPRITE3                            952$    29#
= 07FC SPRITE4                             30#
= 07FD SPRITE5                             31#
= 07FE SPRITE6                             32#
= 07FF SPRITE7                             33#
= D01E SPSPCL                              85#
= 0023 SPX                               1867$   925    478$   466$   421    416     21#
= 0025 SPY                                 22#
  FFE1 STOP                              7356#
= D406 SUREL1                             113#
= D40D SUREL2                             121#
= D414 SUREL3                             799$   129#
  FFB4 TALK                              7311#
= DC05 TIMAHI                             285$   150#
= DC04 TIMALO                             283$   149#
= DC07 TIMBHI                             152#
= DC06 TIMBLO                             151#
  FF96 TKSA                              7281#
= 0001 TUNE1                              400      7#
  FFEA UDTIM                             7365#
  FFAE UNLSN                             7305#
  FFAB UNTLK                             7302#
= D404 VCREG1                             717$   701$   311$   111#
= D40B VCREG2                             312$   119#
= D412 VCREG3                             771$   313$   127#
  FF8D VECTOR                            7272#
= D019 VICIRQ                              78#
= D018 VMCSB                               77#
= 0001 WHITE                             1891#
  E000 XXE000                             253    182#
  E01E XXE01E                             262    216#
  E03E XXE03E                             256    253#
  E049 XXE049                             265    262#
  E090 XXE090                            1081    302#
  E093 XXE093                            2124    307#
  E0CE XXE0CE                            1281    336#
  E0D5 XXE0D5                             340#   338?
  E0EE XXE0EE                            1052    370#   346?
  E12C XXE12C                             446    410#
  E13E XXE13E                             421#   414?
  E144 XXE144                             425#   418?   412?
  E14E XXE14E                             430#   427?   423?   419?
  E158 XXE158                             435#   432?
  E16B XXE16B                             444#   441?   438?
  E173 XXE173                            2069   2064   1166    448#   430?   393?
  E188 XXE188                             459#   450?
  E1A1 XXE1A1                             474#   460?
  E1BD XXE1BD                             497#   480?
  E1C0 XXE1C0                             500#   484?
  E1C4 XXE1C4                             505#   448?
  E1DB XXE1DB                             518#   514?   509?
  E1FC XXE1FC                             536#   532?   527?   522?
  E213 XXE213                             549#   545?   540?
  E216 XXE216                             708    705    703    554#
  E29A XXE29A                             698#   401?
  E2A5 XXE2A5                             713    703#
  E2C7 XXE2C7                             718#   699?
  E2C8 XXE2C8                             722#   435?
  E2CB XXE2CB                            2068    723#
  E2D3 XXE2D3                             727#   724?
  E2E7 XXE2E7                             737#   734?
  E2FE XXE2FE                             750#   729?
  E318 XXE318                             764#   762?
  E328 XXE328                             774#   768?
  E363 XXE363                             811#   773?
  E387 XXE387                             831#   829?
  E38D XXE38D                             838#   472?
  E3A1 XXE3A1                            2014   1990   1968   1948   1928   1908   1881    855#   491?
  E3B7 XXE3B7                             887    867#
  E3E3 XXE3E3                             886#   882?   877?   872?   869?
  E3E6 XXE3E6                             888#   885?
  E3E7 XXE3E7                             892#   868?
  E3EA XXE3EA                             896#   871?
  E3ED XXE3ED                             900#   874?
  E3F0 XXE3F0                             904#   876?
  E3F3 XXE3F3                             908#   879?
  E3F6 XXE3F6                             912#   881?
  E3F9 XXE3F9                             919#   865?   850?
  E41C XXE41C                             941#   939?
  E432 XXE432                             953#   945?
  E440 XXE440                             961#   954?
  E44B XXE44B                            2076   1309    970#   428?
  E473 XXE473                            1007    996#
  E481 XXE481                            1004#   999?
  E493 XXE493                            1014#  1012?
  E498 XXE498                            1020#  1015?
  E4A6 XXE4A6                            1027#  1022?
  E4AA XXE4AA                            1029#  1026?
  E4BD XXE4BD                            1041#  1039?
  E4C2 XXE4C2                            1118   1044#
  E4CE XXE4CE                            1056#  1048?
  E4E8 XXE4E8                            1074#  1063?
  E4F3 XXE4F3                            1085#  1004?
  E4F7 XXE4F7                            1100   1090#
  E50C XXE50C                            1105#   442?
  E51C XXE51C                            1114   1111#
  E528 XXE528                            1122#  1111?
  E532 XXE532                            1130#  1074?
  E534 XXE534                            1139   1132#
  E549 XXE549                            1147   1144#
  E553 XXE553                            1152#  1144?
  E55C XXE55C                            1158#   433?
  E57A XXE57A                            1178#  1170?
  E57D XXE57D                            1182#  1174?  1169?
  E58D XXE58D                            1191#  1189?
  E59F XXE59F                            1201#  1199?  1192?
  E5AB XXE5AB                            1225   1214#
  E5CE XXE5CE                            1275   1235#
  E5F8 XXE5F8                            1259#  1251?
  E624 XXE624                            1285#  1178?
  E62B XXE62B                            1297   1288#
  E64C XXE64C                            1308   1305#
  E658 XXE658                            1313#  1291?  1288?
  E6B0 XXE6B0                            1411#  1305?
  E6BE XXE6BE                            1419#  1217?  1214?
  E6FC XXE6FC                            1513   1493#  1300?  1109?
  E700 XXE700                            1497   1495#
  E70A XXE70A                            1504   1500#
  E717 XXE717                            1513#  1205?
  E721 XXE721                            1521   1518#
  E736 XXE736                            1529#  1526?
  E74C XXE74C                            1539#  1535?
  E756 XXE756                            1544#  1540?
  E760 XXE760                            1548#  1543?  1538?
  E76B XXE76B                            1561   1553#
  E782 XXE782                            1568#  1565?
  E785 XXE785                            1573   1570#
  E7A0 XXE7A0                            1593#   302?
  E7AA XXE7AA                            2079   1598#
  E7BC XXE7BC                            1621   1608#
  E7BE XXE7BE                            1612   1609#
  E7D0 XXE7D0                            1620#  1618?
  E7DD XXE7DD                            1642   1629#
  E7DF XXE7DF                            1633   1630#
  E7F1 XXE7F1                            1641#  1639?
  E7F6 XXE7F6                            1650   1647#
  E801 XXE801                            1658   1655#
  E80C XXE80C                            1666   1663#
  E817 XXE817                            1678   1671#
  E82E XXE82E                            1698   1683#
  E85D XXE85D                            1706   1703#
  E868 XXE868                            1714   1711#
  E874 XXE874                            1719#  1647?
  E882 XXE882                            1725#  1655?
  E894 XXE894                            1731#  1663?
  E8A6 XXE8A6                            1739#  1671?
  E8AD XXE8AD                            1741#  1673?
  E8B4 XXE8B4                            1744#  1675?
  E8BB XXE8BB                            1746#  1683?
  E8E1 XXE8E1                            1760#  1685?
  E907 XXE907                            1776#  1687?
  E92D XXE92D                            1786#  1689?
  E953 XXE953                            1802#  1691?
  E979 XXE979                            1815#  1693?
  E99F XXE99F                            1829#  1695?
  E9C5 XXE9C5                            1842#  1703?
  E9E0 XXE9E0                            1850#  1711?
  E9F2 XXE9F2                            1858#  1715?
  EA26 XXEA26                            2021   1895#
  EA2A XXEA2A                            1900   1898#
  EA40 XXEA40                            1920   1918#
  EA56 XXEA56                            1940   1938#
  EA6C XXEA6C                            1960   1958#
  EA82 XXEA82                            1981   1978#
  EA90 XXEA90                            1996   1990#
  EAA0 XXEAA0                            2004   2002#
  EAB9 XXEAB9                            2026#  2019?
  EB11 XXEB11                            2075   2068#
  EB31 XXEB31                            2083#  2051?
  EB35 XXEB35                            2087#  2053?
  EB39 XXEB39                            7386   2095#
  EB4E XXEB4E                            2112   2110#
  EB54 XXEB54                            2114#  2104?
  EB66 XXEB66                            2128#  2120?
  EB6F XXEB6F                            2161#   722?
  EB7A XXEB7A                            2169   2167#
  EB8F XXEB8F                            2179#  2177?
  EB96 XXEB96                            2183#  2180?
  EB9B XXEB9B                            2187#  2184?
  EB9C XXEB9C                            2191#  2175?
  EBA3 XXEBA3                            2199   2197#
  EBB1 XXEBB1                            2209#  2204?
  EBB7 XXEBB7                            2228   2213#
  EBBD XXEBBD                            2220   2218#
  EBCC XXEBCC                            2227#  2224?
  EBD2 XXEBD2                            2234#  2213?
  EBD4 XXEBD4                            2257#  2226?
  EBD6 XXEBD6                            2262#  1863?  1255?  1042?   436?   387?
  EBE2 XXEBE2                            2276   2274#
  EBE8 XXEBE8                            2280#  2269?
  EBF3 XXEBF3                            2292   2286#
  EC01 XXEC01                            2296#  2290?  2287?  2070?
  EC0B XXEC0B                            2301#  2298?
  EC22 XXEC22                            2323   2314#
  EC2F XXEC2F                            2322#  2320?
  EC51 XXEC51                            2351#  2300?
  EC52 XXEC52                            2356#  2343?  2341?
  EC72 XXEC72                            2377#   456?
  EC92 XXEC92                            2432   2429   2395#
  EC96 XXEC96                            2424   2397#
  EC9D XXEC9D                            2402#  2399?
  ECA8 XXECA8                            2409#  2407?
  ECAA XXECAA                            2422   2410#
  ECB5 XXECB5                            2416#  2414?
  ECC4 XXECC4                            2425#  2419?
  ECD4 XXECD4                            2437#  2378?
  ECD8 XXECD8                            2444#  2380?
  ECDC XXECDC                            2664   2454#
  ED2C XXED2C                            2672   2550#
  ED7C XXED7C                            2633#   318?   298?
  ED8F XXED8F                            2656   2643#
  ED98 XXED98                            2649#  2647?
  EDAC XXEDAC                            2667   2664#
  EDB7 XXEDB7                            2675   2672#
  EE4C XXEE4C                            2754   2750#
  EE4E XXEE4E                            2752   2751#
  EE5A XXEE5A                            2764#  1244?  1070?   333?
  EE6F XXEE6F                            2777#  2769?
  EE75 XXEE75                            2781#  2779?
  EE7E XXEE7E                            2788#  2786?
  EE86 XXEE86                            2795#  2789?
  EE8E XXEE8E                            2799#  2791?
  EE90 XXEE90                            2805#   942?
  EE9E XXEE9E                            2820   2815#
  EEAC XXEEAC                            2821#  2808?  2806?
  EEAD XXEEAD                            2825#  2815?  2814?
  EEB8 XXEEB8                            2834#  2814?  2444?  2437?
  F254 XXF254                            3778#   809?
  F25D XXF25D                            3785#   991?
  F266 XXF266                            3794#  1598?
  F279 XXF279                            3815   3812   3806#
  F281 XXF281                            3810#  3808?
  F297 XXF297                            3830   3827   3821#
  F29F XXF29F                            3825#  3823?
  F2BB XXF2BB                            3867   3842#
  F2D3 XXF2D3                            3856#  3854?
  F2E3 XXF2E3                            3864#  3862?
  F2E9 XXF2E9                            3867#  3865?
  F2EB XXF2EB                            3871#  3844?
  F2ED XXF2ED                            3875   3872#
  F2F8 XXF2F8                            3883   3880#
  F303 XXF303                            3891   3888#
  F335 XXF335                            3914#  3859?  3851?
  F418 XXF418                            4165#  3872?
  F42B XXF42B                            4187#  3880?
  F43E XXF43E                            4209#  3888?
  FC00 XXFC00                            6231#
  FC40 XXFC40                            6306#
  FC80 XXFC80                            6381#
  FCC0 XXFCC0                            6456#
  FD00 XXFD00                            6531#
  FD40 XXFD40                            6606#
  FD80 XXFD80                            6681#
  FDC0 XXFDC0                            6756#
  FE00 XXFE00                            6831#
  FE40 XXFE40                            6906#
  FE80 XXFE80                            6981#
  FEC0 XXFEC0                            7056#
  FF00 XXFF00                            7131#
  E037 XXNMIV                            7385   7384    244#
= D01D XXPAND                             862$   845$    84#
= D017 YXPAND                             863$   846$    75#
  E0DE ZZE0DE                             351#   344?
  E1BB ZZE1BB                             495#   477?
  F00D ZZF00D                            3184#  2445?  2438?
  F0D2 ZZF0D2                            3384#  2446?  2439?
  F17B ZZF17B                            3556#  2447?  2440?
  F33B ZZF33B                            3927#  3796?  3794?
  F451 ZZF451                            4231#
  F800 ZZF800                            5191#

Memory used to store 0 local symbols: 0. bytes.

Memory used to store 388 permanent symbols: 15069. bytes.

Memory used for cross reference table: 11952. bytes.

No macros defined.
